date,wiki_sp500,wiki_crash,wiki_recession,wiki_vix
2017-01-01,532,409,442,270
2017-01-02,729,557,663,396
2017-01-03,983,616,704,659
2017-01-04,1089,696,712,672
2017-01-05,1042,684,874,655
2017-01-06,948,712,735,591
2017-01-07,690,524,585,318
2017-01-08,671,635,699,314
2017-01-09,849,742,896,608
2017-01-10,908,800,837,642
2017-01-11,941,815,965,594
2017-01-12,913,869,999,765
2017-01-13,769,861,821,573
2017-01-14,664,641,607,391
2017-01-15,647,636,753,363
2017-01-16,793,737,912,666
2017-01-17,917,898,1030,777
2017-01-18,889,939,946,668
2017-01-19,825,954,946,578
2017-01-20,753,997,1285,534
2017-01-21,579,641,670,321
2017-01-22,611,706,789,363
2017-01-23,894,1015,968,712
2017-01-24,939,1087,1017,678
2017-01-25,1271,1263,1004,1118
2017-01-26,1193,1125,1114,855
2017-01-27,881,877,874,832
2017-01-28,664,560,685,428
2017-01-29,597,692,778,402
2017-01-30,996,1047,941,1423
2017-01-31,977,973,921,1138
2017-02-01,964,941,945,896
2017-02-02,931,783,900,801
2017-02-03,878,815,766,661
2017-02-04,610,591,626,373
2017-02-05,705,666,743,342
2017-02-06,884,908,877,822
2017-02-07,930,906,979,838
2017-02-08,1004,868,932,664
2017-02-09,938,925,947,636
2017-02-10,912,805,824,591
2017-02-11,662,610,1031,302
2017-02-12,697,716,751,395
2017-02-13,937,901,975,739
2017-02-14,1017,910,876,724
2017-02-15,984,937,978,883
2017-02-16,1053,909,998,914
2017-02-17,963,776,794,696
2017-02-18,622,569,670,402
2017-02-19,743,939,829,430
2017-02-20,879,810,915,546
2017-02-21,915,989,1105,768
2017-02-22,1027,912,1041,765
2017-02-23,972,882,949,681
2017-02-24,852,824,743,693
2017-02-25,679,665,639,385
2017-02-26,735,687,758,380
2017-02-27,993,912,1006,755
2017-02-28,1107,1015,1069,792
2017-03-01,1268,1098,1103,728
2017-03-02,1118,1068,1015,678
2017-03-03,967,818,827,694
2017-03-04,661,580,587,402
2017-03-05,705,731,748,393
2017-03-06,895,1013,974,744
2017-03-07,951,983,914,797
2017-03-08,966,993,1033,667
2017-03-09,877,953,894,676
2017-03-10,811,815,798,601
2017-03-11,621,565,635,404
2017-03-12,609,588,671,371
2017-03-13,820,871,838,663
2017-03-14,905,828,954,763
2017-03-15,870,816,860,703
2017-03-16,848,874,889,653
2017-03-17,702,778,745,581
2017-03-18,547,543,669,323
2017-03-19,573,764,687,308
2017-03-20,763,915,902,562
2017-03-21,905,1053,963,786
2017-03-22,971,1238,1124,949
2017-03-23,791,942,1103,607
2017-03-24,745,769,746,680
2017-03-25,575,591,557,352
2017-03-26,601,648,647,322
2017-03-27,784,932,791,912
2017-03-28,821,898,903,811
2017-03-29,894,853,842,692
2017-03-30,855,813,775,594
2017-03-31,762,725,672,646
2017-04-01,561,539,500,359
2017-04-02,580,648,625,346
2017-04-03,807,949,862,599
2017-04-04,929,907,812,554
2017-04-05,840,881,795,610
2017-04-06,814,838,792,591
2017-04-07,739,729,659,567
2017-04-08,550,512,495,270
2017-04-09,537,499,651,259
2017-04-10,818,820,745,582
2017-04-11,784,769,694,1005
2017-04-12,751,775,762,1057
2017-04-13,674,791,684,784
2017-04-14,584,522,519,533
2017-04-15,485,415,432,377
2017-04-16,509,508,536,340
2017-04-17,715,787,730,589
2017-04-18,823,894,867,718
2017-04-19,757,871,1129,762
2017-04-20,798,794,860,692
2017-04-21,722,651,726,531
2017-04-22,533,500,548,372
2017-04-23,520,544,626,382
2017-04-24,806,896,821,1092
2017-04-25,843,927,933,1036
2017-04-26,932,966,794,726
2017-04-27,745,845,892,633
2017-04-28,653,737,795,660
2017-04-29,490,553,561,314
2017-04-30,503,664,607,329
2017-05-01,671,870,824,802
2017-05-02,764,843,827,1153
2017-05-03,754,819,950,852
2017-05-04,708,824,904,689
2017-05-05,702,724,762,608
2017-05-06,616,507,522,371
2017-05-07,545,641,613,372
2017-05-08,773,882,839,1823
2017-05-09,826,858,934,2971
2017-05-10,737,888,889,1741
2017-05-11,717,885,746,1435
2017-05-12,730,727,785,953
2017-05-13,485,544,500,522
2017-05-14,555,550,626,505
2017-05-15,798,838,1126,974
2017-05-16,805,830,909,1001
2017-05-17,790,1106,936,1930
2017-05-18,819,1002,803,1966
2017-05-19,702,750,630,1381
2017-05-20,482,479,511,419
2017-05-21,519,676,613,369
2017-05-22,773,894,1242,781
2017-05-23,731,858,802,665
2017-05-24,754,783,803,600
2017-05-25,732,851,730,642
2017-05-26,619,700,603,503
2017-05-27,436,493,470,315
2017-05-28,438,616,514,320
2017-05-29,524,703,647,414
2017-05-30,696,786,724,553
2017-05-31,789,708,803,489
2017-06-01,623,667,766,447
2017-06-02,669,672,950,494
2017-06-03,455,542,543,268
2017-06-04,422,508,617,294
2017-06-05,643,685,712,554
2017-06-06,682,671,2118,498
2017-06-07,705,704,1756,492
2017-06-08,669,659,1092,507
2017-06-09,638,711,790,611
2017-06-10,470,614,622,338
2017-06-11,450,609,654,293
2017-06-12,737,759,755,577
2017-06-13,732,721,783,681
2017-06-14,709,696,739,533
2017-06-15,692,700,716,507
2017-06-16,675,575,614,360
2017-06-17,439,442,534,214
2017-06-18,547,497,587,222
2017-06-19,634,550,713,444
2017-06-20,686,595,785,471
2017-06-21,703,1191,639,520
2017-06-22,669,627,588,382
2017-06-23,580,555,496,343
2017-06-24,428,478,385,222
2017-06-25,430,456,442,256
2017-06-26,686,659,612,468
2017-06-27,693,602,674,590
2017-06-28,671,610,617,487
2017-06-29,662,589,766,632
2017-06-30,589,557,529,552
2017-07-01,419,478,409,280
2017-07-02,417,477,530,322
2017-07-03,600,567,528,457
2017-07-04,544,633,626,398
2017-07-05,633,545,689,487
2017-07-06,655,562,694,532
2017-07-07,607,541,558,376
2017-07-08,424,451,480,221
2017-07-09,480,504,469,186
2017-07-10,653,549,603,377
2017-07-11,694,650,624,365
2017-07-12,693,624,685,407
2017-07-13,720,633,659,419
2017-07-14,619,573,528,395
2017-07-15,466,504,463,245
2017-07-16,480,500,526,279
2017-07-17,661,593,603,519
2017-07-18,742,608,691,561
2017-07-19,685,578,603,504
2017-07-20,681,605,540,449
2017-07-21,588,588,565,492
2017-07-22,415,478,443,372
2017-07-23,429,547,491,401
2017-07-24,699,658,627,734
2017-07-25,704,589,566,1105
2017-07-26,705,586,1018,1006
2017-07-27,707,717,660,884
2017-07-28,663,567,595,768
2017-07-29,401,476,502,339
2017-07-30,420,517,492,347
2017-07-31,673,622,593,548
2017-08-01,780,705,607,499
2017-08-02,866,846,669,540
2017-08-03,795,800,1030,474
2017-08-04,665,754,582,460
2017-08-05,494,638,495,313
2017-08-06,472,644,450,355
2017-08-07,643,723,623,1090
2017-08-08,670,756,644,1008
2017-08-09,657,754,620,1362
2017-08-10,709,845,556,1940
2017-08-11,606,687,577,3099
2017-08-12,411,544,457,796
2017-08-13,457,553,430,496
2017-08-14,640,749,541,908
2017-08-15,681,769,607,840
2017-08-16,698,693,603,824
2017-08-17,611,675,501,854
2017-08-18,604,796,557,866
2017-08-19,387,626,400,342
2017-08-20,479,610,419,329
2017-08-21,633,754,513,535
2017-08-22,667,657,586,598
2017-08-23,650,652,534,525
2017-08-24,661,684,596,488
2017-08-25,538,635,551,425
2017-08-26,407,499,404,242
2017-08-27,443,530,484,240
2017-08-28,601,619,549,455
2017-08-29,689,653,664,951
2017-08-30,706,714,610,636
2017-08-31,670,658,601,573
2017-09-01,585,624,543,519
2017-09-02,398,509,384,363
2017-09-03,408,544,451,401
2017-09-04,531,639,558,634
2017-09-05,653,815,909,844
2017-09-06,659,766,1075,747
2017-09-07,570,684,1033,546
2017-09-08,566,666,700,522
2017-09-09,434,513,478,324
2017-09-10,413,567,605,253
2017-09-11,651,738,674,569
2017-09-12,727,826,760,535
2017-09-13,690,840,709,503
2017-09-14,694,843,724,1089
2017-09-15,671,775,673,557
2017-09-16,469,591,513,246
2017-09-17,474,730,612,274
2017-09-18,691,829,764,512
2017-09-19,733,806,833,514
2017-09-20,751,776,792,481
2017-09-21,703,690,914,455
2017-09-22,683,636,758,460
2017-09-23,465,543,475,237
2017-09-24,497,575,575,268
2017-09-25,693,755,849,470
2017-09-26,677,738,797,536
2017-09-27,686,727,902,516
2017-09-28,818,792,806,430
2017-09-29,643,725,701,440
2017-09-30,457,587,560,288
2017-10-01,450,698,630,247
2017-10-02,629,815,710,453
2017-10-03,722,898,874,414
2017-10-04,663,910,846,402
2017-10-05,752,888,842,520
2017-10-06,603,909,704,718
2017-10-07,457,611,538,346
2017-10-08,507,688,601,325
2017-10-09,634,796,756,481
2017-10-10,826,906,775,493
2017-10-11,724,806,1240,570
2017-10-12,852,877,1730,573
2017-10-13,607,773,699,573
2017-10-14,437,626,976,322
2017-10-15,482,659,679,309
2017-10-16,677,964,822,579
2017-10-17,708,967,802,828
2017-10-18,888,1108,871,586
2017-10-19,725,2019,842,705
2017-10-20,681,1297,724,577
2017-10-21,440,781,1007,288
2017-10-22,519,850,586,357
2017-10-23,800,1212,835,514
2017-10-24,754,1966,854,536
2017-10-25,820,1177,833,624
2017-10-26,711,1051,793,511
2017-10-27,733,1006,701,362
2017-10-28,502,751,551,213
2017-10-29,523,945,675,264
2017-10-30,712,1142,828,409
2017-10-31,637,978,839,427
2017-11-01,731,1017,796,511
2017-11-02,746,972,937,493
2017-11-03,720,881,761,474
2017-11-04,569,651,540,363
2017-11-05,551,755,618,364
2017-11-06,718,1006,905,707
2017-11-07,780,1048,865,652
2017-11-08,704,1056,908,465
2017-11-09,743,1047,772,536
2017-11-10,630,945,613,490
2017-11-11,422,705,476,283
2017-11-12,541,712,621,286
2017-11-13,673,1006,881,519
2017-11-14,1107,999,863,589
2017-11-15,964,991,851,680
2017-11-16,687,1086,871,490
2017-11-17,660,872,719,398
2017-11-18,437,642,568,253
2017-11-19,503,708,608,262
2017-11-20,629,925,867,363
2017-11-21,735,924,810,510
2017-11-22,617,762,710,442
2017-11-23,1295,756,656,387
2017-11-24,715,740,600,341
2017-11-25,480,706,517,310
2017-11-26,700,759,3834,419
2017-11-27,795,1057,945,898
2017-11-28,726,1152,980,717
2017-11-29,797,1355,1089,612
2017-11-30,841,1173,888,619
2017-12-01,820,1014,749,742
2017-12-02,513,724,664,529
2017-12-03,557,830,689,401
2017-12-04,773,1258,918,584
2017-12-05,771,1165,942,484
2017-12-06,707,1075,870,495
2017-12-07,778,1259,971,536
2017-12-08,744,1011,714,468
2017-12-09,522,676,519,326
2017-12-10,532,822,628,267
2017-12-11,731,953,783,533
2017-12-12,776,994,816,515
2017-12-13,654,1011,870,503
2017-12-14,752,922,813,479
2017-12-15,693,844,659,436
2017-12-16,500,613,486,232
2017-12-17,508,671,505,254
2017-12-18,835,906,704,407
2017-12-19,747,992,701,433
2017-12-20,669,900,736,427
2017-12-21,675,789,595,381
2017-12-22,569,960,448,334
2017-12-23,402,645,375,222
2017-12-24,359,613,379,191
2017-12-25,405,789,485,212
2017-12-26,582,650,440,317
2017-12-27,640,695,440,412
2017-12-28,601,660,471,361
2017-12-29,592,753,464,365
2017-12-30,490,580,390,296
2017-12-31,450,567,409,325
2018-01-01,455,524,373,265
2018-01-02,920,724,514,491
2018-01-03,812,930,789,721
2018-01-04,880,937,640,714
2018-01-05,879,1013,550,552
2018-01-06,628,799,489,369
2018-01-07,596,805,629,751
2018-01-08,740,983,667,549
2018-01-09,756,1001,757,504
2018-01-10,796,1113,902,633
2018-01-11,870,1117,813,546
2018-01-12,759,1046,679,559
2018-01-13,528,755,680,328
2018-01-14,483,818,545,357
2018-01-15,699,944,713,558
2018-01-16,911,1388,1060,901
2018-01-17,902,1494,855,845
2018-01-18,890,1318,825,786
2018-01-19,773,1160,768,537
2018-01-20,594,812,579,365
2018-01-21,588,857,651,448
2018-01-22,785,1036,860,721
2018-01-23,884,1163,858,621
2018-01-24,909,1141,904,726
2018-01-25,812,1130,829,679
2018-01-26,724,1065,602,595
2018-01-27,592,890,480,393
2018-01-28,587,904,610,418
2018-01-29,849,1148,778,990
2018-01-30,898,1480,780,1713
2018-01-31,873,1236,792,1075
2018-02-01,822,1162,784,786
2018-02-02,886,2524,693,1525
2018-02-03,687,2164,628,1101
2018-02-04,591,1258,630,752
2018-02-05,1345,7974,1148,7009
2018-02-06,2242,10222,1497,20043
2018-02-07,1370,3049,912,9153
2018-02-08,1310,3412,1039,6542
2018-02-09,1435,3779,1041,6277
2018-02-10,728,1378,646,2918
2018-02-11,723,1273,677,2123
2018-02-12,950,1446,932,3183
2018-02-13,967,1277,955,3603
2018-02-14,793,1085,803,3215
2018-02-15,862,1019,737,2057
2018-02-16,681,985,652,1351
2018-02-17,569,691,492,952
2018-02-18,550,760,624,780
2018-02-19,704,908,677,1066
2018-02-20,757,966,781,1248
2018-02-21,804,1128,874,1213
2018-02-22,848,1296,1022,1132
2018-02-23,773,1224,831,1042
2018-02-24,580,1072,598,622
2018-02-25,566,1145,691,611
2018-02-26,862,1444,908,1150
2018-02-27,854,1110,1049,1153
2018-02-28,776,1093,976,1070
2018-03-01,734,1175,917,1188
2018-03-02,744,1032,782,1107
2018-03-03,648,612,616,581
2018-03-04,656,686,692,505
2018-03-05,738,902,963,939
2018-03-06,790,995,923,866
2018-03-07,812,972,961,825
2018-03-08,705,987,881,789
2018-03-09,786,905,796,829
2018-03-10,552,835,528,405
2018-03-11,588,695,1126,500
2018-03-12,821,1046,888,730
2018-03-13,773,914,1027,790
2018-03-14,685,834,872,696
2018-03-15,857,904,1045,656
2018-03-16,627,805,755,554
2018-03-17,451,514,567,349
2018-03-18,465,660,585,547
2018-03-19,743,837,851,995
2018-03-20,712,843,889,793
2018-03-21,743,867,903,712
2018-03-22,883,1204,1017,1259
2018-03-23,759,1238,1266,1044
2018-03-24,560,800,599,530
2018-03-25,556,792,752,510
2018-03-26,781,928,880,921
2018-03-27,777,986,910,848
2018-03-28,743,988,760,868
2018-03-29,787,789,713,711
2018-03-30,624,557,623,521
2018-03-31,574,495,496,370
2018-04-01,415,520,519,351
2018-04-02,746,1121,839,950
2018-04-03,759,932,815,921
2018-04-04,839,989,852,1132
2018-04-05,740,819,793,892
2018-04-06,697,1028,727,1091
2018-04-07,524,613,516,568
2018-04-08,474,631,625,538
2018-04-09,753,793,919,939
2018-04-10,729,797,1036,998
2018-04-11,725,978,931,753
2018-04-12,767,772,883,771
2018-04-13,615,737,743,641
2018-04-14,428,471,510,385
2018-04-15,515,648,579,439
2018-04-16,721,818,898,683
2018-04-17,721,816,930,797
2018-04-18,719,801,1036,732
2018-04-19,673,722,970,724
2018-04-20,606,607,901,577
2018-04-21,444,492,640,362
2018-04-22,454,592,965,379
2018-04-23,601,828,1030,618
2018-04-24,706,880,1136,719
2018-04-25,820,907,1413,761
2018-04-26,720,758,985,626
2018-04-27,582,582,790,484
2018-04-28,390,393,545,339
2018-04-29,436,505,648,329
2018-04-30,560,700,913,546
2018-05-01,632,800,962,526
2018-05-02,606,759,927,577
2018-05-03,598,807,921,570
2018-05-04,625,697,824,510
2018-05-05,547,444,572,301
2018-05-06,475,622,606,330
2018-05-07,627,835,957,478
2018-05-08,769,796,995,542
2018-05-09,614,696,1055,560
2018-05-10,618,816,952,641
2018-05-11,621,659,815,606
2018-05-12,398,466,552,384
2018-05-13,426,587,655,333
2018-05-14,758,953,892,622
2018-05-15,625,730,941,612
2018-05-16,659,829,928,587
2018-05-17,606,688,868,645
2018-05-18,663,722,827,446
2018-05-19,448,522,545,260
2018-05-20,440,668,580,288
2018-05-21,730,905,1060,470
2018-05-22,652,778,1009,463
2018-05-23,712,740,936,526
2018-05-24,544,676,901,590
2018-05-25,481,558,669,479
2018-05-26,382,436,493,273
2018-05-27,374,486,590,290
2018-05-28,612,572,704,400
2018-05-29,596,689,780,836
2018-05-30,652,641,770,732
2018-05-31,669,675,771,526
2018-06-01,584,546,660,441
2018-06-02,397,535,500,263
2018-06-03,513,585,527,246
2018-06-04,670,606,832,485
2018-06-05,702,591,784,529
2018-06-06,710,530,727,522
2018-06-07,663,574,819,671
2018-06-08,714,579,682,608
2018-06-09,457,369,519,345
2018-06-10,465,483,624,376
2018-06-11,688,588,831,520
2018-06-12,702,695,875,474
2018-06-13,674,636,808,617
2018-06-14,607,647,752,654
2018-06-15,627,538,654,635
2018-06-16,421,441,493,313
2018-06-17,415,501,599,331
2018-06-18,613,628,767,544
2018-06-19,824,780,933,737
2018-06-20,897,600,692,601
2018-06-21,664,591,742,694
2018-06-22,563,542,938,459
2018-06-23,414,393,785,280
2018-06-24,442,479,668,284
2018-06-25,675,708,1162,987
2018-06-26,692,603,1206,716
2018-06-27,634,629,1003,688
2018-06-28,591,515,851,671
2018-06-29,548,469,781,518
2018-06-30,429,419,682,302
2018-07-01,448,377,695,276
2018-07-02,605,482,819,553
2018-07-03,595,479,665,544
2018-07-04,529,488,679,462
2018-07-05,566,530,689,481
2018-07-06,587,583,867,511
2018-07-07,411,455,525,285
2018-07-08,422,505,627,311
2018-07-09,633,608,720,555
2018-07-10,644,654,719,485
2018-07-11,616,581,714,574
2018-07-12,614,564,654,484
2018-07-13,573,481,546,435
2018-07-14,441,437,488,267
2018-07-15,459,527,560,242
2018-07-16,658,545,777,454
2018-07-17,806,522,688,481
2018-07-18,685,574,834,503
2018-07-19,763,587,744,523
2018-07-20,610,503,697,412
2018-07-21,443,426,561,209
2018-07-22,437,519,534,286
2018-07-23,646,506,731,459
2018-07-24,727,581,809,550
2018-07-25,633,638,747,548
2018-07-26,707,673,695,494
2018-07-27,622,772,705,418
2018-07-28,531,531,522,308
2018-07-29,527,521,591,352
2018-07-30,594,671,754,577
2018-07-31,708,669,697,521
2018-08-01,642,635,888,461
2018-08-02,694,637,981,531
2018-08-03,665,574,782,438
2018-08-04,464,542,639,242
2018-08-05,442,527,629,267
2018-08-06,688,708,811,501
2018-08-07,753,666,759,621
2018-08-08,912,678,713,633
2018-08-09,631,599,790,590
2018-08-10,600,595,647,536
2018-08-11,426,480,536,306
2018-08-12,509,549,629,278
2018-08-13,707,630,848,742
2018-08-14,586,620,827,564
2018-08-15,577,747,834,829
2018-08-16,613,681,804,692
2018-08-17,580,590,721,526
2018-08-18,544,521,578,325
2018-08-19,429,542,650,280
2018-08-20,637,624,759,437
2018-08-21,720,634,796,519
2018-08-22,719,782,867,569
2018-08-23,644,855,820,486
2018-08-24,622,744,710,438
2018-08-25,463,569,520,279
2018-08-26,466,553,630,288
2018-08-27,720,779,830,529
2018-08-28,700,839,888,502
2018-08-29,725,811,899,530
2018-08-30,693,824,929,516
2018-08-31,533,673,700,524
2018-09-01,412,558,530,295
2018-09-02,450,815,630,302
2018-09-03,649,641,749,411
2018-09-04,661,794,2595,565
2018-09-05,686,842,2099,502
2018-09-06,670,817,1334,578
2018-09-07,573,768,1039,460
2018-09-08,463,592,754,271
2018-09-09,466,688,856,266
2018-09-10,631,888,1007,500
2018-09-11,619,917,1009,487
2018-09-12,631,916,995,488
2018-09-13,628,952,1145,484
2018-09-14,582,954,3096,529
2018-09-15,458,722,1129,307
2018-09-16,417,770,832,329
2018-09-17,653,891,1072,545
2018-09-18,623,903,924,555
2018-09-19,624,881,1031,562
2018-09-20,712,952,1173,561
2018-09-21,741,930,822,552
2018-09-22,406,690,630,325
2018-09-23,426,775,826,350
2018-09-24,607,916,1081,580
2018-09-25,745,898,911,596
2018-09-26,607,871,1050,545
2018-09-27,645,893,908,472
2018-09-28,550,759,794,363
2018-09-29,416,603,633,335
2018-09-30,421,750,714,293
2018-10-01,616,898,930,473
2018-10-02,639,943,951,434
2018-10-03,660,910,970,521
2018-10-04,592,1026,908,859
2018-10-05,599,1021,819,719
2018-10-06,397,687,656,332
2018-10-07,396,683,714,323
2018-10-08,751,890,1015,860
2018-10-09,655,913,1262,710
2018-10-10,817,2489,1234,1656
2018-10-11,911,3994,1463,2954
2018-10-12,747,2524,979,1591
2018-10-13,461,896,694,611
2018-10-14,496,892,724,501
2018-10-15,685,1173,983,915
2018-10-16,688,1023,1243,901
2018-10-17,694,909,1049,878
2018-10-18,633,1036,1075,815
2018-10-19,543,977,937,742
2018-10-20,414,688,681,397
2018-10-21,410,781,748,333
2018-10-22,640,1128,1034,691
2018-10-23,704,1618,1136,1226
2018-10-24,928,2565,1178,1369
2018-10-25,853,1962,1319,1489
2018-10-26,679,1433,1035,1199
2018-10-27,480,918,736,609
2018-10-28,489,973,849,559
2018-10-29,773,1609,1290,1123
2018-10-30,726,1374,1340,994
2018-10-31,779,977,1151,935
2018-11-01,624,934,1159,776
2018-11-02,633,811,906,668
2018-11-03,457,602,796,348
2018-11-04,445,592,761,342
2018-11-05,635,760,980,652
2018-11-06,742,1324,1361,656
2018-11-07,586,784,947,637
2018-11-08,570,787,1004,610
2018-11-09,659,715,884,516
2018-11-10,412,548,682,427
2018-11-11,479,567,667,360
2018-11-12,757,914,1049,870
2018-11-13,743,1132,1195,721
2018-11-14,677,1006,1271,664
2018-11-15,770,1173,1569,757
2018-11-16,767,866,974,526
2018-11-17,493,595,669,300
2018-11-18,515,646,745,368
2018-11-19,593,993,1313,637
2018-11-20,717,1596,1364,1017
2018-11-21,773,1096,1727,760
2018-11-22,526,786,1007,465
2018-11-23,517,786,847,447
2018-11-24,441,624,814,286
2018-11-25,566,730,899,313
2018-11-26,767,973,1346,541
2018-11-27,670,1063,1489,661
2018-11-28,654,973,1318,571
2018-11-29,581,916,1258,592
2018-11-30,547,725,1004,466
2018-12-01,481,547,714,258
2018-12-02,442,610,870,333
2018-12-03,641,873,1326,650
2018-12-04,648,1318,2316,949
2018-12-05,628,1251,2285,870
2018-12-06,669,1455,2193,1271
2018-12-07,716,1205,2357,787
2018-12-08,424,831,1192,460
2018-12-09,498,772,1165,441
2018-12-10,773,1203,1830,838
2018-12-11,590,1024,1550,897
2018-12-12,625,891,1775,696
2018-12-13,609,876,1633,620
2018-12-14,546,872,1406,607
2018-12-15,480,675,1195,359
2018-12-16,415,661,1340,346
2018-12-17,600,1228,2348,865
2018-12-18,630,1308,2092,880
2018-12-19,551,1139,1884,796
2018-12-20,675,1630,2127,977
2018-12-21,582,1749,2002,1005
2018-12-22,499,1411,1324,703
2018-12-23,403,951,1006,454
2018-12-24,597,2275,1696,1184
2018-12-25,586,2250,1723,845
2018-12-26,756,1584,1677,1166
2018-12-27,901,1282,1547,1601
2018-12-28,762,812,995,1002
2018-12-29,547,825,830,528
2018-12-30,446,612,741,393
2018-12-31,522,650,768,581
2019-01-01,507,643,769,400
2019-01-02,746,801,1164,867
2019-01-03,828,1133,1707,893
2019-01-04,801,1015,1475,959
2019-01-05,698,773,1018,486
2019-01-06,666,666,1003,453
2019-01-07,675,858,1204,794
2019-01-08,725,945,1264,755
2019-01-09,843,934,1370,867
2019-01-10,697,913,1254,729
2019-01-11,632,848,1000,573
2019-01-12,519,590,775,357
2019-01-13,480,681,848,362
2019-01-14,756,957,1291,650
2019-01-15,615,897,1279,607
2019-01-16,664,893,1460,656
2019-01-17,781,888,1367,649
2019-01-18,574,929,1389,575
2019-01-19,534,573,856,362
2019-01-20,444,616,800,324
2019-01-21,566,794,1168,436
2019-01-22,662,822,1394,676
2019-01-23,691,1013,2096,661
2019-01-24,659,756,1384,473
2019-01-25,609,705,1155,443
2019-01-26,444,530,763,288
2019-01-27,592,626,1094,320
2019-01-28,628,776,1277,575
2019-01-29,674,835,1166,485
2019-01-30,682,739,1082,485
2019-01-31,688,781,2309,466
2019-02-01,616,688,1611,445
2019-02-02,476,450,993,259
2019-02-03,480,562,890,266
2019-02-04,531,717,1206,448
2019-02-05,631,716,1157,539
2019-02-06,671,773,1154,502
2019-02-07,646,688,1688,579
2019-02-08,570,672,1166,491
2019-02-09,470,528,858,294
2019-02-10,478,565,889,260
2019-02-11,628,798,1567,452
2019-02-12,706,723,1267,468
2019-02-13,829,839,1205,499
2019-02-14,583,765,1574,476
2019-02-15,562,604,1081,516
2019-02-16,473,501,778,334
2019-02-17,461,511,780,308
2019-02-18,708,607,921,459
2019-02-19,619,709,1158,550
2019-02-20,629,707,1235,645
2019-02-21,622,704,1172,583
2019-02-22,636,628,1029,505
2019-02-23,478,555,690,329
2019-02-24,485,823,1246,319
2019-02-25,684,779,1465,594
2019-02-26,713,727,1640,664
2019-02-27,666,727,1377,565
2019-02-28,637,707,1346,466
2019-03-01,614,614,1121,450
2019-03-02,471,449,695,316
2019-03-03,525,484,865,298
2019-03-04,697,748,1618,498
2019-03-05,630,797,1266,629
2019-03-06,643,705,1698,522
2019-03-07,636,684,1593,491
2019-03-08,530,659,1121,572
2019-03-09,510,472,833,317
2019-03-10,487,566,899,275
2019-03-11,857,712,1892,590
2019-03-12,690,697,1283,558
2019-03-13,712,703,1067,499
2019-03-14,681,904,1531,477
2019-03-15,567,561,924,472
2019-03-16,461,437,764,331
2019-03-17,510,446,881,307
2019-03-18,640,659,1209,489
2019-03-19,659,882,1272,595
2019-03-20,684,675,1307,612
2019-03-21,600,629,1292,499
2019-03-22,629,660,2045,713
2019-03-23,451,536,1906,409
2019-03-24,464,529,1339,366
2019-03-25,586,772,2543,696
2019-03-26,685,680,1926,543
2019-03-27,730,735,1887,582
2019-03-28,584,703,1638,473
2019-03-29,604,609,1383,416
2019-03-30,447,506,934,280
2019-03-31,609,627,1120,318
2019-04-01,642,822,1553,507
2019-04-02,690,746,1404,518
2019-04-03,756,761,1321,557
2019-04-04,726,782,1363,550
2019-04-05,614,686,1210,495
2019-04-06,510,531,796,319
2019-04-07,512,580,957,284
2019-04-08,666,737,1395,567
2019-04-09,640,736,1480,673
2019-04-10,641,819,1355,561
2019-04-11,617,754,1449,505
2019-04-12,636,609,1132,525
2019-04-13,472,499,781,388
2019-04-14,415,545,870,349
2019-04-15,817,664,1402,501
2019-04-16,636,743,1182,531
2019-04-17,613,720,1214,598
2019-04-18,573,632,1097,553
2019-04-19,483,505,864,365
2019-04-20,456,449,688,331
2019-04-21,623,477,1167,286
2019-04-22,558,674,1111,523
2019-04-23,733,674,1223,564
2019-04-24,678,766,1220,565
2019-04-25,640,970,1158,507
2019-04-26,617,614,1107,466
2019-04-27,499,442,737,1049
2019-04-28,499,694,872,729
2019-04-29,601,770,1349,728
2019-04-30,669,679,1333,559
2019-05-01,636,882,1289,495
2019-05-02,572,677,1279,546
2019-05-03,623,586,1194,525
2019-05-04,519,457,677,322
2019-05-05,595,538,765,344
2019-05-06,793,750,1232,1277
2019-05-07,665,836,1289,1448
2019-05-08,698,834,1144,1007
2019-05-09,610,745,1181,953
2019-05-10,906,609,1073,744
2019-05-11,689,727,751,373
2019-05-12,654,472,628,346
2019-05-13,849,1153,1226,1386
2019-05-14,680,1381,1755,992
2019-05-15,605,683,1208,681
2019-05-16,688,646,1133,639
2019-05-17,617,600,986,543
2019-05-18,569,443,676,275
2019-05-19,487,467,767,338
2019-05-20,533,639,1621,549
2019-05-21,590,606,1100,539
2019-05-22,588,540,1036,625
2019-05-23,535,633,1063,700
2019-05-24,546,437,826,518
2019-05-25,385,373,525,281
2019-05-26,434,399,608,339
2019-05-27,429,395,758,386
2019-05-28,661,529,887,455
2019-05-29,610,592,1326,567
2019-05-30,554,538,1102,452
2019-05-31,484,510,904,511
2019-06-01,416,400,585,332
2019-06-02,392,427,667,308
2019-06-03,553,616,1351,573
2019-06-04,617,569,1137,530
2019-06-05,512,578,1235,489
2019-06-06,543,560,1234,467
2019-06-07,510,487,912,498
2019-06-08,419,413,684,257
2019-06-09,460,399,745,247
2019-06-10,515,533,1215,445
2019-06-11,545,555,1067,522
2019-06-12,592,538,1125,452
2019-06-13,620,557,1103,425
2019-06-14,500,477,878,369
2019-06-15,450,391,756,227
2019-06-16,582,434,773,254
2019-06-17,569,523,1108,476
2019-06-18,577,522,1011,461
2019-06-19,685,522,1081,450
2019-06-20,710,539,970,504
2019-06-21,546,496,807,388
2019-06-22,604,383,594,252
2019-06-23,473,399,677,246
2019-06-24,563,465,989,419
2019-06-25,614,505,929,431
2019-06-26,597,482,971,406
2019-06-27,526,406,1016,369
2019-06-28,605,379,785,329
2019-06-29,443,372,620,223
2019-06-30,489,377,603,197
2019-07-01,676,447,1085,403
2019-07-02,554,440,1144,488
2019-07-03,562,448,1043,486
2019-07-04,619,447,964,330
2019-07-05,475,378,811,421
2019-07-06,574,388,640,222
2019-07-07,484,412,787,217
2019-07-08,646,524,878,444
2019-07-09,761,446,958,432
2019-07-10,651,470,1050,418
2019-07-11,587,481,902,376
2019-07-12,633,461,990,411
2019-07-13,534,424,759,232
2019-07-14,502,442,764,235
2019-07-15,626,454,921,425
2019-07-16,663,511,877,410
2019-07-17,660,494,949,413
2019-07-18,717,521,1210,395
2019-07-19,630,484,914,385
2019-07-20,501,479,691,261
2019-07-21,484,456,659,218
2019-07-22,665,497,1001,331
2019-07-23,660,493,1030,392
2019-07-24,614,477,959,349
2019-07-25,706,526,985,428
2019-07-26,660,540,976,374
2019-07-27,498,528,721,204
2019-07-28,539,470,829,257
2019-07-29,573,548,1150,529
2019-07-30,681,634,1136,458
2019-07-31,595,650,1118,451
2019-08-01,756,604,1379,575
2019-08-02,604,607,1108,584
2019-08-03,469,436,936,355
2019-08-04,404,489,782,388
2019-08-05,658,1679,1634,1787
2019-08-06,737,1225,1691,1252
2019-08-07,778,752,1821,883
2019-08-08,1158,622,1555,719
2019-08-09,650,539,2922,553
2019-08-10,490,474,1248,265
2019-08-11,555,480,1189,266
2019-08-12,638,661,1987,596
2019-08-13,651,674,2574,618
2019-08-14,756,2103,18887,1297
2019-08-15,759,1634,19599,1028
2019-08-16,605,932,7568,602
2019-08-17,506,656,5424,348
2019-08-18,544,649,4941,315
2019-08-19,666,722,8339,560
2019-08-20,732,650,7332,499
2019-08-21,651,675,5909,604
2019-08-22,660,683,5168,530
2019-08-23,702,855,4806,825
2019-08-24,726,634,3813,384
2019-08-25,506,918,3558,314
2019-08-26,824,1197,3778,626
2019-08-27,689,910,3905,541
2019-08-28,616,788,3940,586
2019-08-29,729,714,3456,458
2019-08-30,600,655,3075,424
2019-08-31,1492,519,2368,243
2019-09-01,510,576,2345,258
2019-09-02,512,592,2579,292
2019-09-03,587,671,3557,529
2019-09-04,617,673,4145,551
2019-09-05,543,579,3086,468
2019-09-06,848,518,2542,423
2019-09-07,457,465,1956,255
2019-09-08,453,554,1833,240
2019-09-09,702,584,2890,462
2019-09-10,1204,619,3175,403
2019-09-11,1391,720,2755,473
2019-09-12,1256,634,2674,381
2019-09-13,595,652,2193,393
2019-09-14,492,515,1626,248
2019-09-15,610,613,1828,275
2019-09-16,712,757,2256,493
2019-09-17,691,718,2213,444
2019-09-18,676,723,2537,838
2019-09-19,636,695,2274,461
2019-09-20,587,596,2045,454
2019-09-21,459,488,1450,262
2019-09-22,576,665,1616,250
2019-09-23,687,662,2269,400
2019-09-24,654,651,2283,465
2019-09-25,660,651,2053,448
2019-09-26,623,677,1973,384
2019-09-27,785,656,1661,385
2019-09-28,1023,767,1276,222
2019-09-29,668,689,1398,247
2019-09-30,933,612,1652,429
2019-10-01,773,684,1815,470
2019-10-02,877,900,2323,736
2019-10-03,783,910,2241,619
2019-10-04,590,2255,2991,478
2019-10-05,487,960,1418,304
2019-10-06,500,929,1327,301
2019-10-07,897,959,1773,480
2019-10-08,945,945,1785,514
2019-10-09,1062,820,2162,503
2019-10-10,714,775,2007,455
2019-10-11,941,689,1527,437
2019-10-12,715,580,1180,328
2019-10-13,949,702,1367,290
2019-10-14,1012,721,1841,536
2019-10-15,852,931,1907,536
2019-10-16,1189,685,1849,582
2019-10-17,1903,675,1512,515
2019-10-18,992,605,1499,466
2019-10-19,675,506,1079,321
2019-10-20,843,636,1246,296
2019-10-21,952,759,1566,487
2019-10-22,703,911,1661,471
2019-10-23,1032,1049,1477,451
2019-10-24,795,1744,1325,404
2019-10-25,959,861,1105,369
2019-10-26,753,625,977,332
2019-10-27,655,663,939,305
2019-10-28,916,988,1895,479
2019-10-29,659,1261,1772,459
2019-10-30,719,1157,1701,456
2019-10-31,1169,994,1917,424
2019-11-01,1149,890,1485,343
2019-11-02,1131,698,1088,250
2019-11-03,1078,765,1313,262
2019-11-04,1007,860,1769,509
2019-11-05,931,932,1671,470
2019-11-06,1164,849,1512,453
2019-11-07,1191,800,1371,455
2019-11-08,1110,720,1263,428
2019-11-09,1140,555,922,267
2019-11-10,1524,650,1126,261
2019-11-11,1584,1000,1527,484
2019-11-12,1043,721,1572,670
2019-11-13,952,775,1655,597
2019-11-14,715,760,1743,492
2019-11-15,856,687,1341,461
2019-11-16,696,620,1014,339
2019-11-17,706,624,1155,297
2019-11-18,742,920,1388,547
2019-11-19,1181,928,1462,544
2019-11-20,1375,719,1365,486
2019-11-21,1192,709,1215,461
2019-11-22,1085,692,1154,411
2019-11-23,1062,569,916,273
2019-11-24,1106,561,954,278
2019-11-25,1187,805,1291,492
2019-11-26,956,747,1307,559
2019-11-27,1451,689,1391,491
2019-11-28,998,658,1520,348
2019-11-29,1055,673,1301,363
2019-11-30,1041,596,1199,285
2019-12-01,1123,682,1213,280
2019-12-02,1162,846,1509,546
2019-12-03,929,843,1408,692
2019-12-04,1127,755,1449,504
2019-12-05,1244,729,1366,426
2019-12-06,1124,687,1044,379
2019-12-07,903,572,876,290
2019-12-08,746,572,1042,287
2019-12-09,966,764,1223,443
2019-12-10,851,765,1288,449
2019-12-11,1014,755,1162,388
2019-12-12,1277,666,1235,410
2019-12-13,1303,644,1421,346
2019-12-14,1083,480,706,230
2019-12-15,1222,622,724,292
2019-12-16,1616,681,1025,498
2019-12-17,889,729,1033,587
2019-12-18,1061,672,1098,571
2019-12-19,1160,664,1164,474
2019-12-20,1438,577,909,327
2019-12-21,856,587,705,215
2019-12-22,1342,546,806,239
2019-12-23,1165,605,990,320
2019-12-24,1180,559,763,226
2019-12-25,673,634,726,180
2019-12-26,1377,742,769,333
2019-12-27,1602,702,750,351
2019-12-28,1190,577,734,260
2019-12-29,959,573,713,277
2019-12-30,1341,707,740,342
2019-12-31,1179,633,676,278
2020-01-01,947,781,688,217
2020-01-02,1575,823,918,364
2020-01-03,1616,775,1022,643
2020-01-04,1470,655,795,336
2020-01-05,1473,698,836,311
2020-01-06,1518,762,918,576
2020-01-07,1517,752,1066,528
2020-01-08,720,861,1033,708
2020-01-09,730,765,1041,486
2020-01-10,980,772,959,411
2020-01-11,1210,543,660,265
2020-01-12,1674,652,789,273
2020-01-13,1950,852,1058,453
2020-01-14,1323,854,1021,411
2020-01-15,1594,880,973,417
2020-01-16,1656,916,1036,468
2020-01-17,1391,853,867,444
2020-01-18,931,707,730,239
2020-01-19,1248,690,812,277
2020-01-20,1352,789,1028,345
2020-01-21,1347,936,1398,448
2020-01-22,1572,846,1197,400
2020-01-23,1383,822,1061,419
2020-01-24,1274,879,1015,407
2020-01-25,1125,719,993,279
2020-01-26,862,594,738,293
2020-01-27,1394,1066,1132,882
2020-01-28,1296,880,1095,696
2020-01-29,1283,890,1082,485
2020-01-30,1265,887,1147,513
2020-01-31,1378,949,964,644
2020-02-01,1238,686,753,367
2020-02-02,1101,703,768,377
2020-02-03,1150,863,853,572
2020-02-04,1313,843,979,495
2020-02-05,1989,808,981,473
2020-02-06,1458,911,997,413
2020-02-07,1596,775,916,390
2020-02-08,1162,570,665,271
2020-02-09,1296,607,820,301
2020-02-10,1485,746,1062,395
2020-02-11,1724,815,1098,430
2020-02-12,1685,761,1033,401
2020-02-13,1932,794,971,409
2020-02-14,1548,695,1010,374
2020-02-15,1659,562,796,240
2020-02-16,1777,686,801,261
2020-02-17,1770,818,1190,342
2020-02-18,2017,832,1232,452
2020-02-19,1345,846,1112,406
2020-02-20,1333,919,1007,452
2020-02-21,1180,888,875,481
2020-02-22,1002,605,757,305
2020-02-23,1153,726,907,321
2020-02-24,1161,2725,1506,2093
2020-02-25,1241,2854,1579,1992
2020-02-26,1687,2271,1604,1564
2020-02-27,2096,4937,2653,2737
2020-02-28,2461,9458,3755,5422
2020-02-29,1801,3622,2168,1512
2020-03-01,1618,2608,1509,1265
2020-03-02,1249,2673,2062,2346
2020-03-03,1191,1953,2892,1857
2020-03-04,1398,1511,2317,1542
2020-03-05,2091,1517,2238,2277
2020-03-06,2161,2270,2263,3512
2020-03-07,1588,1349,1778,1500
2020-03-08,1864,1493,1742,1374
2020-03-09,2624,18731,9612,7742
2020-03-10,1819,8389,6997,4021
2020-03-11,1567,6270,5543,3755
2020-03-12,2693,20529,11443,10060
2020-03-13,2196,14141,10150,6319
2020-03-14,1537,4902,6088,1819
2020-03-15,1938,3607,6737,2066
2020-03-16,2535,12650,22527,8266
2020-03-17,2887,8798,25096,5995
2020-03-18,2893,7744,14128,5684
2020-03-19,1968,6020,12688,4402
2020-03-20,1822,4970,9262,3241
2020-03-21,1725,4305,7429,1714
2020-03-22,1907,3622,7372,1772
2020-03-23,1896,5290,9063,3725
2020-03-24,2715,3873,8675,3481
2020-03-25,2593,3059,6724,3149
2020-03-26,2693,2774,8787,2773
2020-03-27,2694,2350,7277,2730
2020-03-28,2772,1965,6592,1436
2020-03-29,3147,1931,5175,1405
2020-03-30,2513,2185,18479,2307
2020-03-31,2133,2253,8093,2304
2020-04-01,2379,2246,7184,2159
2020-04-02,2543,2017,7327,1557
2020-04-03,1593,1847,5755,1622
2020-04-04,1795,1661,6428,936
2020-04-05,1878,1481,5179,910
2020-04-06,2188,1700,5206,1971
2020-04-07,1855,1615,4409,2711
2020-04-08,2257,1479,8835,1633
2020-04-09,1807,1736,6583,1387
2020-04-10,2085,1652,6103,1025
2020-04-11,1263,1364,3909,762
2020-04-12,1137,1274,3535,836
2020-04-13,1292,1300,3971,1289
2020-04-14,1733,1600,7680,1409
2020-04-15,1668,1560,6534,1592
2020-04-16,2138,1463,5071,1163
2020-04-17,2142,1371,4325,1083
2020-04-18,1833,1233,3213,669
2020-04-19,1689,1196,3064,717
2020-04-20,1750,1450,3499,1443
2020-04-21,1540,1405,3643,1470
2020-04-22,1224,1238,3597,1161
2020-04-23,1194,1352,3245,1011
2020-04-24,1381,1193,2806,938
2020-04-25,1915,1030,2212,623
2020-04-26,1817,1039,2321,669
2020-04-27,2300,1130,3085,1003
2020-04-28,2016,1077,3292,1050
2020-04-29,1307,1266,6594,1061
2020-04-30,1592,1208,3183,1040
2020-05-01,1633,1062,3094,1149
2020-05-02,1767,884,1888,669
2020-05-03,2604,1036,1790,632
2020-05-04,2186,1012,1940,1156
2020-05-05,2000,1001,2359,850
2020-05-06,1796,1049,3761,818
2020-05-07,1783,1017,5079,832
2020-05-08,1600,1025,2833,809
2020-05-09,1354,1003,1967,547
2020-05-10,1559,921,2189,508
2020-05-11,1814,958,2137,906
2020-05-12,1252,871,2671,888
2020-05-13,1625,1089,8150,1108
2020-05-14,1541,969,3391,1023
2020-05-15,1322,846,4287,830
2020-05-16,1205,670,2182,456
2020-05-17,980,782,1779,460
2020-05-18,1020,869,4608,811
2020-05-19,1253,817,3662,709
2020-05-20,1239,814,2361,664
2020-05-21,1101,740,1855,705
2020-05-22,675,640,1760,564
2020-05-23,702,626,1394,323
2020-05-24,905,681,1382,402
2020-05-25,1701,692,2194,455
2020-05-26,1343,751,1733,650
2020-05-27,1743,862,1564,620
2020-05-28,1722,756,1516,572
2020-05-29,1602,654,1286,567
2020-05-30,1405,629,970,291
2020-05-31,1211,573,1108,308
2020-06-01,1226,689,1143,650
2020-06-02,822,761,1193,563
2020-06-03,687,815,7895,663
2020-06-04,754,749,3402,701
2020-06-05,789,837,1849,660
2020-06-06,717,689,1267,429
2020-06-07,749,686,1393,472
2020-06-08,830,849,3710,881
2020-06-09,889,831,4457,995
2020-06-10,940,689,2399,792
2020-06-11,882,1518,1591,2381
2020-06-12,961,950,2224,2172
2020-06-13,761,573,1146,799
2020-06-14,718,566,1170,739
2020-06-15,739,644,1512,1608
2020-06-16,880,628,1166,1016
2020-06-17,932,665,1015,799
2020-06-18,991,584,1165,763
2020-06-19,880,591,1144,873
2020-06-20,918,460,761,677
2020-06-21,1071,513,727,652
2020-06-22,1089,548,953,940
2020-06-23,985,559,932,1045
2020-06-24,877,638,973,1014
2020-06-25,674,605,948,1013
2020-06-26,677,582,797,718
2020-06-27,655,636,699,429
2020-06-28,968,647,837,456
2020-06-29,1079,663,821,676
2020-06-30,1159,558,821,559
2020-07-01,1092,584,848,529
2020-07-02,785,508,834,590
2020-07-03,784,455,670,374
2020-07-04,642,461,621,284
2020-07-05,570,495,650,349
2020-07-06,685,683,799,701
2020-07-07,839,572,815,723
2020-07-08,960,562,830,570
2020-07-09,997,562,1010,601
2020-07-10,771,504,727,528
2020-07-11,705,490,599,351
2020-07-12,667,619,663,324
2020-07-13,790,599,723,826
2020-07-14,774,605,1674,840
2020-07-15,829,562,1336,732
2020-07-16,812,548,1095,631
2020-07-17,1079,627,937,620
2020-07-18,1106,552,770,322
2020-07-19,1369,582,845,349
2020-07-20,1853,587,930,663
2020-07-21,1793,565,880,718
2020-07-22,839,511,774,705
2020-07-23,853,568,1421,638
2020-07-24,655,549,1072,578
2020-07-25,702,500,879,238
2020-07-26,767,480,942,348
2020-07-27,831,477,1132,550
2020-07-28,861,474,926,513
2020-07-29,753,477,837,477
2020-07-30,839,542,2250,547
2020-07-31,891,528,1648,401
2020-08-01,968,500,1018,280
2020-08-02,896,527,975,298
2020-08-03,832,537,1167,403
2020-08-04,840,548,969,478
2020-08-05,761,568,1236,458
2020-08-06,870,529,2996,423
2020-08-07,812,492,1402,392
2020-08-08,652,467,796,260
2020-08-09,658,494,842,238
2020-08-10,749,580,946,413
2020-08-11,698,582,1174,468
2020-08-12,652,656,22714,522
2020-08-13,710,601,4817,418
2020-08-14,667,559,2177,437
2020-08-15,632,475,1311,288
2020-08-16,541,467,1245,416
2020-08-17,558,565,1451,501
2020-08-18,647,613,1236,452
2020-08-19,596,573,1113,455
2020-08-20,535,529,1015,483
2020-08-21,536,644,919,355
2020-08-22,525,563,707,243
2020-08-23,505,592,757,258
2020-08-24,582,645,1079,411
2020-08-25,628,612,927,401
2020-08-26,642,590,985,494
2020-08-27,615,650,954,857
2020-08-28,557,606,806,816
2020-08-29,607,529,643,426
2020-08-30,628,545,805,343
2020-08-31,599,720,1192,855
2020-09-01,587,847,1389,773
2020-09-02,604,803,3822,1181
2020-09-03,691,1227,1634,2990
2020-09-04,598,1224,1071,3534
2020-09-05,559,631,847,908
2020-09-06,619,602,921,618
2020-09-07,637,618,1122,650
2020-09-08,737,884,1055,1330
2020-09-09,665,756,961,1261
2020-09-10,617,658,834,1045
2020-09-11,558,705,923,836
2020-09-12,463,551,607,378
2020-09-13,559,628,638,409
2020-09-14,528,634,819,671
2020-09-15,584,593,881,577
2020-09-16,528,581,1072,531
2020-09-17,573,618,1605,641
2020-09-18,549,594,969,542
2020-09-19,483,544,658,274
2020-09-20,475,538,714,279
2020-09-21,526,913,852,834
2020-09-22,537,658,1015,598
2020-09-23,536,657,1018,614
2020-09-24,518,718,911,716
2020-09-25,470,504,815,515
2020-09-26,387,441,592,308
2020-09-27,447,483,560,276
2020-09-28,423,579,911,557
2020-09-29,439,607,769,451
2020-09-30,439,576,964,509
2020-10-01,470,552,837,401
2020-10-02,484,618,641,775
2020-10-03,428,459,500,360
2020-10-04,510,497,621,297
2020-10-05,477,619,760,522
2020-10-06,537,639,923,510
2020-10-07,722,718,994,629
2020-10-08,666,592,979,479
2020-10-09,684,711,917,545
2020-10-10,429,713,678,297
2020-10-11,476,932,724,395
2020-10-12,674,826,838,658
2020-10-13,751,796,874,671
2020-10-14,687,763,819,576
2020-10-15,719,887,788,713
2020-10-16,693,731,783,501
2020-10-17,569,770,651,292
2020-10-18,557,836,635,328
2020-10-19,668,1014,834,558
2020-10-20,666,1065,848,641
2020-10-21,708,1123,803,567
2020-10-22,660,863,1009,583
2020-10-23,614,845,755,589
2020-10-24,571,1340,610,298
2020-10-25,875,970,682,328
2020-10-26,956,1096,773,1176
2020-10-27,860,969,836,899
2020-10-28,991,1361,847,1931
2020-10-29,749,1171,821,1325
2020-10-30,702,1048,784,1034
2020-10-31,566,947,552,460
2020-11-01,537,934,654,415
2020-11-02,630,932,924,1021
2020-11-03,708,828,810,1006
2020-11-04,541,748,815,1108
2020-11-05,626,856,1195,896
2020-11-06,561,821,940,773
2020-11-07,510,777,818,486
2020-11-08,572,791,832,407
2020-11-09,1008,826,891,1011
2020-11-10,960,760,881,708
2020-11-11,919,762,786,649
2020-11-12,845,809,2106,838
2020-11-13,843,715,1159,578
2020-11-14,810,667,677,404
2020-11-15,703,741,753,330
2020-11-16,834,797,943,564
2020-11-17,1313,757,961,734
2020-11-18,1005,740,807,618
2020-11-19,1031,759,914,653
2020-11-20,855,690,713,568
2020-11-21,728,670,1095,300
2020-11-22,750,769,1276,311
2020-11-23,824,866,1464,486
2020-11-24,929,970,1134,540
2020-11-25,859,955,1082,574
2020-11-26,688,865,964,474
2020-11-27,669,786,1255,575
2020-11-28,710,894,1746,455
2020-11-29,731,806,913,424
2020-11-30,1034,920,1125,599
2020-12-01,995,846,975,618
2020-12-02,818,711,1087,615
2020-12-03,897,797,1022,602
2020-12-04,724,751,809,638
2020-12-05,675,693,660,438
2020-12-06,719,792,661,417
2020-12-07,1309,821,915,633
2020-12-08,2046,785,783,607
2020-12-09,1356,957,933,705
2020-12-10,1214,940,796,548
2020-12-11,940,938,729,586
2020-12-12,739,688,639,390
2020-12-13,766,685,660,338
2020-12-14,910,743,717,541
2020-12-15,806,743,704,473
2020-12-16,724,768,828,507
2020-12-17,689,744,713,480
2020-12-18,779,728,599,487
2020-12-19,536,622,457,326
2020-12-20,574,651,567,262
2020-12-21,790,912,488,1207
2020-12-22,775,782,521,634
2020-12-23,728,630,479,536
2020-12-24,559,652,421,340
2020-12-25,471,550,318,219
2020-12-26,507,630,389,247
2020-12-27,585,953,463,275
2020-12-28,687,922,589,487
2020-12-29,738,653,455,548
2020-12-30,645,685,573,460
2020-12-31,607,661,410,370
2021-01-01,600,653,405,275
2021-01-02,658,724,540,312
2021-01-03,671,773,538,338
2021-01-04,835,838,635,851
2021-01-05,845,789,624,795
2021-01-06,887,905,698,852
2021-01-07,3036,992,834,741
2021-01-08,3933,969,642,669
2021-01-09,4017,804,515,403
2021-01-10,3616,933,568,422
2021-01-11,4611,1062,733,865
2021-01-12,4020,950,706,645
2021-01-13,3646,874,651,560
2021-01-14,4759,877,678,565
2021-01-15,4805,932,635,560
2021-01-16,3578,786,405,336
2021-01-17,3520,794,449,297
2021-01-18,3960,858,638,470
2021-01-19,4395,855,560,475
2021-01-20,4838,945,553,482
2021-01-21,5110,1101,607,516
2021-01-22,4624,988,604,573
2021-01-23,3795,1062,498,406
2021-01-24,3964,1187,472,384
2021-01-25,5595,1294,644,822
2021-01-26,5855,1152,665,728
2021-01-27,7367,2036,739,1947
2021-01-28,9323,3889,1094,2783
2021-01-29,8705,4315,1123,1968
2021-01-30,6003,2467,679,1118
2021-01-31,5455,2021,614,1254
2021-02-01,7190,1894,680,1421
2021-02-02,7058,1456,673,1126
2021-02-03,6838,1330,671,899
2021-02-04,6402,1193,644,970
2021-02-05,6360,1100,633,848
2021-02-06,4826,933,455,536
2021-02-07,4341,1062,513,529
2021-02-08,6040,1139,611,850
2021-02-09,6046,1281,692,715
2021-02-10,5637,1326,680,736
2021-02-11,5325,1226,676,753
2021-02-12,5274,1161,625,803
2021-02-13,4354,983,482,764
2021-02-14,3801,929,515,609
2021-02-15,4443,1024,603,734
2021-02-16,5350,982,609,1021
2021-02-17,5401,1024,601,855
2021-02-18,5338,1153,714,816
2021-02-19,5112,935,664,675
2021-02-20,4018,894,525,381
2021-02-21,3877,896,578,405
2021-02-22,6002,1233,703,815
2021-02-23,7056,2376,1820,989
2021-02-24,6166,1313,980,805
2021-02-25,6221,1571,809,2065
2021-02-26,6613,1906,831,1664
2021-02-27,4149,1040,715,520
2021-02-28,4101,1019,612,513
2021-03-01,5657,903,772,833
2021-03-02,5829,913,795,957
2021-03-03,5500,1225,834,798
2021-03-04,6382,2023,745,1170
2021-03-05,6394,1852,798,980
2021-03-06,3837,959,551,405
2021-03-07,3686,926,573,421
2021-03-08,5758,1045,721,759
2021-03-09,5444,909,727,767
2021-03-10,5474,913,730,659
2021-03-11,5536,911,707,586
2021-03-12,5353,889,544,573
2021-03-13,4919,725,495,346
2021-03-14,4714,721,454,433
2021-03-15,6128,817,600,659
2021-03-16,5505,829,591,830
2021-03-17,5058,912,542,821
2021-03-18,5253,836,590,741
2021-03-19,4412,783,577,575
2021-03-20,3092,584,422,312
2021-03-21,3141,673,481,334
2021-03-22,4198,796,595,620
2021-03-23,4304,860,594,714
2021-03-24,4401,997,498,627
2021-03-25,4401,976,548,593
2021-03-26,3714,691,455,454
2021-03-27,2949,584,361,292
2021-03-28,3159,593,439,322
2021-03-29,4369,791,539,621
2021-03-30,4229,716,561,548
2021-03-31,4211,694,513,432
2021-04-01,5620,635,425,513
2021-04-02,4804,615,402,341
2021-04-03,3142,556,346,233
2021-04-04,2944,584,396,271
2021-04-05,4575,761,502,618
2021-04-06,5034,736,555,570
2021-04-07,4773,726,537,501
2021-04-08,4740,701,465,561
2021-04-09,4401,690,401,757
2021-04-10,3311,631,417,370
2021-04-11,3367,666,453,332
2021-04-12,4355,864,630,1373
2021-04-13,5439,762,485,853
2021-04-14,5005,797,497,500
2021-04-15,4454,739,479,453
2021-04-16,4728,743,487,435
2021-04-17,3409,692,391,276
2021-04-18,3265,696,349,296
2021-04-19,4165,901,537,580
2021-04-20,4501,869,477,602
2021-04-21,4412,704,498,522
2021-04-22,4069,774,485,529
2021-04-23,3762,878,421,451
2021-04-24,2771,594,368,261
2021-04-25,2897,617,394,308
2021-04-26,4138,708,502,367
2021-04-27,4237,807,525,385
2021-04-28,4170,711,519,294
2021-04-29,4404,687,427,385
2021-04-30,3677,587,479,390
2021-05-01,3010,568,339,219
2021-05-02,3461,608,420,249
2021-05-03,4641,732,471,327
2021-05-04,4848,6001,429,600
2021-05-05,4449,768,494,416
2021-05-06,4200,1052,475,368
2021-05-07,4093,863,411,353
2021-05-08,3251,962,384,224
2021-05-09,3360,932,399,218
2021-05-10,4579,1006,476,444
2021-05-11,4705,1195,508,829
2021-05-12,4856,1153,567,1143
2021-05-13,4567,1301,539,893
2021-05-14,3962,809,399,481
2021-05-15,3049,598,364,271
2021-05-16,3013,806,383,215
2021-05-17,3968,786,449,469
2021-05-18,3863,808,483,411
2021-05-19,4094,1259,488,819
2021-05-20,3777,891,495,498
2021-05-21,3516,809,406,378
2021-05-22,2746,687,310,212
2021-05-23,2673,868,344,253
2021-05-24,3638,803,454,411
2021-05-25,3664,834,442,440
2021-05-26,3610,695,423,397
2021-05-27,3557,681,457,383
2021-05-28,3361,678,387,371
2021-05-29,2699,645,338,214
2021-05-30,2531,672,331,254
2021-05-31,2740,624,392,336
2021-06-01,3425,636,427,461
2021-06-02,3481,716,429,370
2021-06-03,3600,667,392,370
2021-06-04,3218,635,376,338
2021-06-05,2527,530,327,229
2021-06-06,2518,667,353,212
2021-06-07,3380,608,394,379
2021-06-08,3323,634,397,360
2021-06-09,3302,716,430,411
2021-06-10,3300,745,413,383
2021-06-11,3499,661,362,374
2021-06-12,2406,559,284,241
2021-06-13,2398,573,349,216
2021-06-14,3285,659,351,410
2021-06-15,3394,606,378,409
2021-06-16,3195,718,439,472
2021-06-17,3266,676,406,442
2021-06-18,3098,797,331,511
2021-06-19,2513,731,310,252
2021-06-20,2458,712,310,269
2021-06-21,3611,709,376,433
2021-06-22,3461,680,366,375
2021-06-23,3346,624,409,357
2021-06-24,3601,604,384,332
2021-06-25,3453,532,354,325
2021-06-26,2624,500,267,197
2021-06-27,2473,555,284,195
2021-06-28,3398,583,410,362
2021-06-29,3450,575,536,301
2021-06-30,3523,627,316,332
2021-07-01,4479,693,448,401
2021-07-02,4352,583,428,406
2021-07-03,3057,629,318,253
2021-07-04,2790,615,372,261
2021-07-05,3491,597,456,321
2021-07-06,4966,692,515,666
2021-07-07,4513,612,463,480
2021-07-08,4663,803,425,1161
2021-07-09,3802,639,355,626
2021-07-10,2907,629,351,275
2021-07-11,2762,523,358,264
2021-07-12,4023,682,442,490
2021-07-13,4446,643,439,469
2021-07-14,4076,663,405,449
2021-07-15,4077,704,453,460
2021-07-16,3983,609,354,401
2021-07-17,2721,559,350,269
2021-07-18,2632,524,401,226
2021-07-19,5551,1040,501,1466
2021-07-20,4851,885,538,826
2021-07-21,4194,582,417,480
2021-07-22,4260,544,411,462
2021-07-23,3891,562,375,327
2021-07-24,2910,576,312,180
2021-07-25,2737,555,296,201
2021-07-26,4020,551,554,539
2021-07-27,4333,608,404,494
2021-07-28,4651,529,437,433
2021-07-29,3916,491,391,328
2021-07-30,3615,521,457,332
2021-07-31,2631,435,351,241
2021-08-01,2563,440,322,213
2021-08-02,3599,509,541,353
2021-08-03,3644,538,561,439
2021-08-04,3737,557,355,414
2021-08-05,3310,492,400,295
2021-08-06,3117,451,383,346
2021-08-07,2318,417,285,221
2021-08-08,2543,475,339,222
2021-08-09,3285,505,327,320
2021-08-10,3463,517,381,310
2021-08-11,3676,595,401,325
2021-08-12,3563,550,387,378
2021-08-13,3329,517,346,350
2021-08-14,2570,421,250,206
2021-08-15,2717,479,291,182
2021-08-16,3838,586,383,504
2021-08-17,4273,585,398,517
2021-08-18,3769,552,531,565
2021-08-19,4260,705,549,1191
2021-08-20,3527,681,533,560
2021-08-21,2637,492,447,247
2021-08-22,2537,528,312,224
2021-08-23,3673,507,435,509
2021-08-24,3995,494,465,404
2021-08-25,4041,580,443,405
2021-08-26,3430,533,479,471
2021-08-27,3555,540,374,390
2021-08-28,2840,522,323,264
2021-08-29,2873,492,362,243
2021-08-30,4499,625,432,398
2021-08-31,4178,637,397,404
2021-09-01,4269,509,528,383
2021-09-02,4093,569,482,401
2021-09-03,3550,498,355,331
2021-09-04,2859,438,349,184
2021-09-05,2876,581,394,223
2021-09-06,3175,617,466,310
2021-09-07,3986,683,513,554
2021-09-08,3722,636,437,418
2021-09-09,3822,582,466,450
2021-09-10,3313,505,402,378
2021-09-11,2428,503,317,249
2021-09-12,2412,586,432,244
2021-09-13,3646,593,544,461
2021-09-14,3682,730,518,385
2021-09-15,3685,715,510,386
2021-09-16,3405,730,501,301
2021-09-17,3250,630,555,409
2021-09-18,2379,580,316,234
2021-09-19,2322,635,567,217
2021-09-20,5368,1799,670,1980
2021-09-21,4813,1123,532,1039
2021-09-22,4075,828,573,582
2021-09-23,3808,724,533,439
2021-09-24,3200,646,487,391
2021-09-25,2443,510,407,229
2021-09-26,2594,624,400,235
2021-09-27,4002,666,559,415
2021-09-28,4837,979,621,748
2021-09-29,4354,898,712,631
2021-09-30,3996,789,626,568
2021-10-01,4173,887,546,431
2021-10-02,2541,636,560,222
2021-10-03,2428,672,439,251
2021-10-04,4871,1096,582,594
2021-10-05,4154,956,849,479
2021-10-06,3940,844,749,664
2021-10-07,3743,729,594,393
2021-10-08,3263,562,553,441
2021-10-09,2250,489,424,233
2021-10-10,2283,502,541,222
2021-10-11,3348,596,709,475
2021-10-12,3182,744,637,417
2021-10-13,3381,683,698,364
2021-10-14,3388,766,625,376
2021-10-15,3293,654,488,348
2021-10-16,2409,559,443,222
2021-10-17,2427,583,463,183
2021-10-18,3558,786,571,393
2021-10-19,3785,1238,703,465
2021-10-20,3732,838,763,470
2021-10-21,3780,770,580,473
2021-10-22,3187,632,540,341
2021-10-23,2236,610,425,190
2021-10-24,2385,1016,444,214
2021-10-25,3691,845,570,381
2021-10-26,4283,664,591,363
2021-10-27,3713,695,584,343
2021-10-28,3788,738,567,359
2021-10-29,3648,751,521,369
2021-10-30,2635,558,407,203
2021-10-31,2631,522,451,159
2021-11-01,4067,621,491,347
2021-11-02,4053,643,495,329
2021-11-03,3823,661,529,281
2021-11-04,3906,604,455,359
2021-11-05,3773,612,405,323
2021-11-06,2642,518,359,167
2021-11-07,2741,593,477,238
2021-11-08,3838,720,568,355
2021-11-09,3928,697,606,380
2021-11-10,3958,833,652,356
2021-11-11,3558,741,607,339
2021-11-12,3383,693,506,327
2021-11-13,2477,561,437,203
2021-11-14,2368,593,515,228
2021-11-15,3314,664,631,350
2021-11-16,3679,745,584,309
2021-11-17,3908,677,612,365
2021-11-18,3636,791,613,363
2021-11-19,3429,734,467,367
2021-11-20,2509,628,445,213
2021-11-21,3139,762,433,221
2021-11-22,4168,1121,629,459
2021-11-23,4004,868,670,560
2021-11-24,3361,742,612,339
2021-11-25,2826,645,532,256
2021-11-26,4185,1276,513,1309
2021-11-27,3305,891,444,724
2021-11-28,3168,864,467,586
2021-11-29,4446,770,519,902
2021-11-30,5504,952,540,912
2021-12-01,4816,878,556,889
2021-12-02,4739,891,591,944
2021-12-03,4553,902,551,1102
2021-12-04,3337,1111,430,529
2021-12-05,3192,835,448,437
2021-12-06,4691,876,554,801
2021-12-07,4727,813,717,751
2021-12-08,4606,645,498,655
2021-12-09,4200,698,533,574
2021-12-10,3478,622,519,400
2021-12-11,2588,550,462,291
2021-12-12,2408,568,446,317
2021-12-13,3836,638,616,497
2021-12-14,3810,675,545,645
2021-12-15,4139,639,598,620
2021-12-16,4163,589,506,485
2021-12-17,3727,581,401,409
2021-12-18,2526,487,396,188
2021-12-19,2430,483,420,187
2021-12-20,4260,977,400,574
2021-12-21,3674,615,385,425
2021-12-22,2970,536,363,365
2021-12-23,2878,481,291,335
2021-12-24,2335,406,347,201
2021-12-25,1882,518,298,141
2021-12-26,2114,451,453,231
2021-12-27,3627,542,355,372
2021-12-28,4325,499,440,232
2021-12-29,4316,546,378,277
2021-12-30,4149,507,442,285
2021-12-31,3279,439,454,216
2022-01-01,3006,475,463,150
2022-01-02,3432,574,486,164
2022-01-03,4616,580,481,293
2022-01-04,5435,565,491,397
2022-01-05,5210,580,568,406
2022-01-06,5460,698,492,491
2022-01-07,4566,598,413,365
2022-01-08,3276,531,415,220
2022-01-09,3312,543,479,269
2022-01-10,5744,689,515,641
2022-01-11,5079,651,544,428
2022-01-12,4552,621,581,394
2022-01-13,4714,672,564,521
2022-01-14,4414,763,581,488
2022-01-15,3349,541,403,241
2022-01-16,3004,577,385,272
2022-01-17,3587,677,638,351
2022-01-18,4795,895,623,575
2022-01-19,5096,821,563,615
2022-01-20,4912,986,709,676
2022-01-21,6341,2268,789,1023
2022-01-22,5613,1857,706,669
2022-01-23,4709,1270,652,448
2022-01-24,9904,3455,1217,2437
2022-01-25,8054,2015,837,1912
2022-01-26,7187,1424,882,1423
2022-01-27,6736,1365,908,971
2022-01-28,5554,1239,767,750
2022-01-29,3552,818,734,414
2022-01-30,3533,721,595,366
2022-01-31,4823,841,744,985
2022-02-01,4710,803,531,977
2022-02-02,4770,712,628,594
2022-02-03,4945,844,920,937
2022-02-04,4464,756,665,798
2022-02-05,2965,632,457,286
2022-02-06,2651,695,551,282
2022-02-07,3876,789,818,689
2022-02-08,3876,670,728,533
2022-02-09,3995,691,683,533
2022-02-10,3954,779,822,627
2022-02-11,3558,740,1111,744
2022-02-12,2599,733,826,466
2022-02-13,2566,697,728,468
2022-02-14,3997,988,688,930
2022-02-15,3723,756,770,669
2022-02-16,3597,723,846,551
2022-02-17,3536,729,772,731
2022-02-18,3436,795,650,602
2022-02-19,2347,648,680,322
2022-02-20,2303,677,735,366
2022-02-21,3110,754,913,548
2022-02-22,4178,1085,841,890
2022-02-23,4224,1027,840,789
2022-02-24,6439,2674,1217,2030
2022-02-25,4198,974,815,830
2022-02-26,2509,561,612,386
2022-02-27,2241,627,623,396
2022-02-28,3510,808,838,885
2022-03-01,3876,712,744,814
2022-03-02,3873,676,1054,881
2022-03-03,4124,656,1065,760
2022-03-04,3911,711,1124,891
2022-03-05,2457,515,987,322
2022-03-06,2584,558,942,362
2022-03-07,4605,1252,2164,1094
2022-03-08,4871,1000,2537,934
2022-03-09,4164,729,2074,841
2022-03-10,3667,674,2581,669
2022-03-11,3414,636,2625,659
2022-03-12,2465,615,1672,336
2022-03-13,2201,700,1470,405
2022-03-14,4187,722,1971,612
2022-03-15,3759,769,3031,748
2022-03-16,3651,607,2622,730
2022-03-17,3106,570,1847,671
2022-03-18,3409,524,1448,389
2022-03-19,2347,484,816,324
2022-03-20,2190,475,786,321
2022-03-21,3606,554,1065,549
2022-03-22,3666,578,1251,527
2022-03-23,3461,519,1465,455
2022-03-24,3321,546,1297,433
2022-03-25,2969,465,1193,431
2022-03-26,2223,444,987,274
2022-03-27,2201,419,1029,284
2022-03-28,3232,554,1278,504
2022-03-29,3604,574,2032,664
2022-03-30,3312,746,2849,536
2022-03-31,3526,592,1587,474
2022-04-01,3287,532,1663,509
2022-04-02,2292,382,1208,232
2022-04-03,2170,411,895,260
2022-04-04,3592,486,1303,517
2022-04-05,3404,511,2085,542
2022-04-06,3356,554,3807,691
2022-04-07,3241,557,2576,628
2022-04-08,2911,515,2226,450
2022-04-09,2305,430,2547,229
2022-04-10,2063,445,2805,218
2022-04-11,3714,604,2947,407
2022-04-12,3706,624,4363,426
2022-04-13,3425,498,3773,320
2022-04-14,3163,511,2439,363
2022-04-15,2359,557,1499,219
2022-04-16,2003,443,1051,166
2022-04-17,1991,397,1245,174
2022-04-18,2856,548,2117,366
2022-04-19,3406,665,1647,329
2022-04-20,3379,507,1625,379
2022-04-21,3232,589,1406,365
2022-04-22,3198,691,1828,605
2022-04-23,2354,569,1236,384
2022-04-24,2171,528,1254,338
2022-04-25,3857,804,1515,725
2022-04-26,4296,956,2788,759
2022-04-27,4081,836,4124,705
2022-04-28,3591,674,5856,584
2022-04-29,3273,691,5356,534
2022-04-30,2182,716,3313,342
2022-05-01,2019,582,2532,286
2022-05-02,3028,815,2644,648
2022-05-03,2858,601,2317,536
2022-05-04,2879,686,2485,485
2022-05-05,3207,1249,4331,817
2022-05-06,4839,1266,4125,768
2022-05-07,2974,652,2409,289
2022-05-08,2714,664,1579,260
2022-05-09,6187,1839,3160,1014
2022-05-10,6732,1516,4067,741
2022-05-11,5136,1689,3528,716
2022-05-12,5884,2014,5301,841
2022-05-13,4440,1060,3376,643
2022-05-14,2439,716,2325,279
2022-05-15,2140,639,2084,311
2022-05-16,3646,742,3816,521
2022-05-17,3358,695,3275,463
2022-05-18,4917,1083,6413,688
2022-05-19,6069,1176,9284,958
2022-05-20,5059,1029,8317,693
2022-05-21,3090,705,6426,383
2022-05-22,2416,562,4438,333
2022-05-23,3499,636,4584,549
2022-05-24,3687,701,4233,713
2022-05-25,3204,636,3291,502
2022-05-26,2974,569,3423,464
2022-05-27,2586,525,3172,378
2022-05-28,1732,352,2201,253
2022-05-29,1631,375,1814,236
2022-05-30,2050,427,1636,363
2022-05-31,2562,413,2344,426
2022-06-01,2420,436,3578,423
2022-06-02,2201,444,2786,414
2022-06-03,2065,455,2845,388
2022-06-04,1481,457,2763,206
2022-06-05,1627,400,4466,197
2022-06-06,2278,501,4858,316
2022-06-07,2354,525,4092,367
2022-06-08,2043,472,4800,394
2022-06-09,1922,506,4782,367
2022-06-10,2248,726,6909,475
2022-06-11,1698,604,6229,253
2022-06-12,2082,607,5123,254
2022-06-13,6234,1990,12456,1105
2022-06-14,5895,1685,15619,652
2022-06-15,4971,1048,14615,553
2022-06-16,4885,1398,21199,713
2022-06-17,4080,1136,14261,534
2022-06-18,2919,777,9257,228
2022-06-19,2863,744,10978,226
2022-06-20,3865,890,14010,328
2022-06-21,3984,697,10647,445
2022-06-22,4038,764,9697,502
2022-06-23,3353,698,7942,331
2022-06-24,2688,650,4856,323
2022-06-25,1949,412,3611,185
2022-06-26,1936,473,3243,240
2022-06-27,3399,532,3482,394
2022-06-28,3734,510,3393,865
2022-06-29,3450,505,4116,405
2022-06-30,3558,565,4070,368
2022-07-01,3403,520,4611,312
2022-07-02,2106,414,3721,197
2022-07-03,2028,437,2845,159
2022-07-04,2199,544,3536,198
2022-07-05,2880,549,5576,326
2022-07-06,2960,498,6489,317
2022-07-07,2817,458,5496,329
2022-07-08,2326,449,4419,279
2022-07-09,1530,392,2989,150
2022-07-10,1901,435,2871,151
2022-07-11,3282,470,3362,331
2022-07-12,3414,476,3463,294
2022-07-13,3299,488,5742,260
2022-07-14,2865,536,5546,257
2022-07-15,2352,477,3816,252
2022-07-16,1715,405,2598,120
2022-07-17,1583,418,2600,159
2022-07-18,2668,447,2853,313
2022-07-19,2451,525,2912,255
2022-07-20,2907,483,2579,346
2022-07-21,2617,514,3091,364
2022-07-22,2437,473,2789,279
2022-07-23,1628,444,1912,155
2022-07-24,1562,453,3629,204
2022-07-25,2265,447,14455,329
2022-07-26,2453,547,19260,325
2022-07-27,2476,499,18761,326
2022-07-28,2385,487,80763,391
2022-07-29,2148,419,202793,288
2022-07-30,1709,385,71177,274
2022-07-31,1778,392,38613,278
2022-08-01,3619,422,33161,331
2022-08-02,4118,401,28064,400
2022-08-03,3871,363,36417,434
2022-08-04,3983,436,28979,344
2022-08-05,2667,397,17366,279
2022-08-06,1791,372,10645,153
2022-08-07,1771,378,9260,196
2022-08-08,2373,421,8853,286
2022-08-09,2566,385,6563,299
2022-08-10,2657,340,6043,407
2022-08-11,2382,414,5058,339
2022-08-12,2247,399,4426,307
2022-08-13,1638,330,2608,192
2022-08-14,1830,346,2760,235
2022-08-15,2327,378,3418,490
2022-08-16,2522,390,3171,341
2022-08-17,2575,380,3068,519
2022-08-18,2167,393,2703,355
2022-08-19,2411,481,2332,423
2022-08-20,2185,350,1719,228
2022-08-21,2145,400,2387,202
2022-08-22,3932,592,3614,584
2022-08-23,3763,410,6588,516
2022-08-24,3099,421,10893,393
2022-08-25,3177,369,6645,498
2022-08-26,2960,535,4425,367
2022-08-27,2016,482,2933,281
2022-08-28,1761,443,2288,242
2022-08-29,2568,569,3101,433
2022-08-30,2567,483,3017,396
2022-08-31,2532,496,2990,318
2022-09-01,2440,538,2419,346
2022-09-02,2161,552,2267,295
2022-09-03,1514,378,1496,171
2022-09-04,2029,434,1485,155
2022-09-05,2414,415,2374,243
2022-09-06,4387,449,2300,349
2022-09-07,4649,515,2358,280
2022-09-08,4248,406,2460,271
2022-09-09,3952,417,1790,258
2022-09-10,2280,352,1289,133
2022-09-11,2217,392,1524,141
2022-09-12,3604,454,2166,365
2022-09-13,5012,993,2785,453
2022-09-14,4129,982,2738,429
2022-09-15,3367,574,2187,325
2022-09-16,3220,729,2962,383
2022-09-17,1977,481,2629,199
2022-09-18,1832,440,2432,175
2022-09-19,2662,493,2820,340
2022-09-20,2764,577,2791,403
2022-09-21,3069,616,3618,400
2022-09-22,2999,612,5977,389
2022-09-23,3200,983,6338,708
2022-09-24,2174,652,3994,297
2022-09-25,2933,542,2765,265
2022-09-26,6130,942,4810,728
2022-09-27,4282,631,4739,671
2022-09-28,3352,657,3669,560
2022-09-29,3088,859,4858,561
2022-09-30,2987,652,3407,473
2022-10-01,2015,517,2682,288
2022-10-02,1856,513,2480,164
2022-10-03,2954,604,2935,411
2022-10-04,2734,632,3237,440
2022-10-05,4220,615,3043,402
2022-10-06,2947,511,2739,366
2022-10-07,2496,569,3140,480
2022-10-08,1740,492,2277,275
2022-10-09,1645,497,2005,236
2022-10-10,3968,533,3353,440
2022-10-11,4958,701,5453,411
2022-10-12,4293,615,6803,448
2022-10-13,3385,707,4620,638
2022-10-14,2423,597,4601,481
2022-10-15,1787,490,2847,249
2022-10-16,1830,506,2840,247
2022-10-17,2608,542,3826,397
2022-10-18,2485,491,5230,396
2022-10-19,2678,585,4706,348
2022-10-20,2472,498,4564,317
2022-10-21,2278,454,3752,281
2022-10-22,1609,396,2654,152
2022-10-23,1598,553,2555,183
2022-10-24,2220,1149,3521,309
2022-10-25,2343,690,3509,333
2022-10-26,2793,636,3390,365
2022-10-27,4127,590,3610,271
2022-10-28,3349,554,2927,261
2022-10-29,1715,495,2094,164
2022-10-30,1684,458,1974,155
2022-10-31,2477,554,2302,239
2022-11-01,2515,502,2257,235
2022-11-02,2494,628,3230,320
2022-11-03,2661,621,5525,370
2022-11-04,2380,479,4857,314
2022-11-05,2323,410,3265,169
2022-11-06,2279,415,3498,231
2022-11-07,3780,441,4091,302
2022-11-08,3193,465,3782,350
2022-11-09,2849,536,4328,274
2022-11-10,2944,623,4200,351
2022-11-11,2674,508,5371,322
2022-11-12,1960,407,3376,218
2022-11-13,1721,357,3022,174
2022-11-14,2576,467,3743,299
2022-11-15,2528,458,4859,321
2022-11-16,2756,476,4178,276
2022-11-17,2365,516,5663,342
2022-11-18,1987,498,3765,311
2022-11-19,1563,356,2342,188
2022-11-20,1650,438,3414,180
2022-11-21,2280,383,3604,284
2022-11-22,2440,402,3428,373
2022-11-23,2232,429,3527,361
2022-11-24,1779,410,3028,269
2022-11-25,1733,399,2438,219
2022-11-26,1515,392,2229,126
2022-11-27,1538,370,2084,146
2022-11-28,3024,458,2378,311
2022-11-29,3079,437,2613,284
2022-11-30,2750,431,2792,338
2022-12-01,2448,406,2410,329
2022-12-02,1965,584,2148,327
2022-12-03,1494,412,1710,216
2022-12-04,1505,478,1524,162
2022-12-05,1981,365,1728,301
2022-12-06,2271,389,1965,377
2022-12-07,2023,370,2165,305
2022-12-08,1947,379,2114,311
2022-12-09,1746,338,1884,225
2022-12-10,1508,314,1809,132
2022-12-11,1801,313,1545,133
2022-12-12,2521,398,2675,343
2022-12-13,2269,395,1864,379
2022-12-14,2200,384,2161,256
2022-12-15,2129,529,2404,289
2022-12-16,2024,402,2128,229
2022-12-17,1397,350,1479,110
2022-12-18,1285,335,1282,108
2022-12-19,1874,396,1639,244
2022-12-20,2036,428,1720,252
2022-12-21,2025,483,1783,270
2022-12-22,1923,442,1695,289
2022-12-23,1798,572,1471,179
2022-12-24,1258,372,1223,112
2022-12-25,1207,301,938,112
2022-12-26,1463,367,1442,162
2022-12-27,2160,352,1350,203
2022-12-28,2884,367,1512,166
2022-12-29,2549,329,1400,188
2022-12-30,2630,360,1335,200
2022-12-31,2404,310,1123,99
2023-01-01,2170,313,1340,94
2023-01-02,2815,318,2319,136
2023-01-03,3002,400,2797,223
2023-01-04,3226,459,2351,227
2023-01-05,3441,487,2230,209
2023-01-06,3295,475,1894,175
2023-01-07,2350,416,1481,130
2023-01-08,2170,443,1430,128
2023-01-09,2714,477,1608,182
2023-01-10,2663,447,1916,233
2023-01-11,2643,463,2261,251
2023-01-12,2862,496,1920,349
2023-01-13,2562,467,1931,358
2023-01-14,1874,316,1573,179
2023-01-15,1653,322,1532,157
2023-01-16,2101,414,2393,219
2023-01-17,2445,404,2535,296
2023-01-18,2365,457,2483,290
2023-01-19,2913,426,2733,278
2023-01-20,2841,421,2537,215
2023-01-21,2017,361,2296,126
2023-01-22,1943,391,1983,131
2023-01-23,2510,416,2535,226
2023-01-24,2440,442,2642,246
2023-01-25,2428,576,2346,255
2023-01-26,2212,497,2413,228
2023-01-27,2235,815,1882,219
2023-01-28,1664,550,1573,140
2023-01-29,1793,487,1472,160
2023-01-30,2224,508,1849,285
2023-01-31,2352,467,2100,284
2023-02-01,2618,561,2041,275
2023-02-02,2879,528,1794,380
2023-02-03,2498,479,1464,320
2023-02-04,1708,378,1181,203
2023-02-05,2067,743,1272,162
2023-02-06,2800,712,1581,255
2023-02-07,2637,560,1613,283
2023-02-08,2381,486,1632,278
2023-02-09,2318,502,1643,248
2023-02-10,2177,440,1607,281
2023-02-11,1511,317,1080,133
2023-02-12,1572,381,988,148
2023-02-13,1990,410,1217,237
2023-02-14,2082,416,1258,258
2023-02-15,2635,466,1383,219
2023-02-16,2362,440,1297,296
2023-02-17,2050,433,1006,303
2023-02-18,1575,362,849,141
2023-02-19,1604,381,920,138
2023-02-20,1910,418,1100,213
2023-02-21,2336,539,1256,327
2023-02-22,2556,652,1217,288
2023-02-23,2340,633,1286,251
2023-02-24,2125,422,1545,226
2023-02-25,1561,332,1237,171
2023-02-26,1573,345,1386,248
2023-02-27,2176,478,1665,310
2023-02-28,2357,469,1897,241
2023-03-01,2214,367,1759,199
2023-03-02,2257,387,1574,225
2023-03-03,2166,355,1191,244
2023-03-04,1651,302,906,173
2023-03-05,1742,395,1053,162
2023-03-06,2352,414,1196,229
2023-03-07,2530,436,1236,266
2023-03-08,2733,532,1276,254
2023-03-09,2775,751,1161,294
2023-03-10,2769,970,1301,504
2023-03-11,2547,921,1380,265
2023-03-12,2227,972,1545,221
2023-03-13,3981,1545,2107,798
2023-03-14,3287,1099,2047,498
2023-03-15,3116,1050,1937,689
2023-03-16,2727,994,1873,429
2023-03-17,2272,621,1559,350
2023-03-18,1621,526,1331,177
2023-03-19,1618,478,1183,218
2023-03-20,2585,640,1459,361
2023-03-21,2622,589,1467,359
2023-03-22,3124,578,1752,360
2023-03-23,2649,554,1967,299
2023-03-24,2170,505,1463,287
2023-03-25,1596,382,1147,174
2023-03-26,1755,364,1172,191
2023-03-27,2543,531,1543,341
2023-03-28,2432,552,1335,339
2023-03-29,2328,443,1249,314
2023-03-30,2339,424,1218,348
2023-03-31,2182,409,994,312
2023-04-01,1827,352,816,221
2023-04-02,1773,358,836,214
2023-04-03,3064,412,1171,413
2023-04-04,2858,362,1117,422
2023-04-05,2509,332,843,355
2023-04-06,2197,311,780,320
2023-04-07,1823,247,738,259
2023-04-08,1665,261,584,255
2023-04-09,1628,243,537,206
2023-04-10,2303,330,692,318
2023-04-11,2388,323,874,339
2023-04-12,2479,336,1031,339
2023-04-13,2413,317,1262,384
2023-04-14,2526,332,1002,353
2023-04-15,1706,260,713,294
2023-04-16,1906,285,752,314
2023-04-17,2502,360,926,453
2023-04-18,2832,345,909,525
2023-04-19,2661,284,962,545
2023-04-20,2528,324,1242,463
2023-04-21,2125,281,853,452
2023-04-22,1765,236,655,307
2023-04-23,1924,308,626,286
2023-04-24,2793,358,862,457
2023-04-25,2615,349,1089,514
2023-04-26,2656,349,1209,437
2023-04-27,2466,288,1436,412
2023-04-28,2254,329,1041,458
2023-04-29,1860,243,739,376
2023-04-30,1896,297,702,427
2023-05-01,2583,299,902,452
2023-05-02,2595,332,1468,542
2023-05-03,2468,347,1585,518
2023-05-04,2411,345,1315,510
2023-05-05,2139,333,1117,481
2023-05-06,1688,283,812,406
2023-05-07,1793,387,845,416
2023-05-08,3130,310,953,488
2023-05-09,3124,312,1021,492
2023-05-10,2610,306,1055,467
2023-05-11,2442,257,1121,467
2023-05-12,2229,265,960,445
2023-05-13,1675,226,739,383
2023-05-14,1699,311,1142,377
2023-05-15,2631,371,958,452
2023-05-16,2930,354,944,558
2023-05-17,2791,341,1000,486
2023-05-18,2558,330,896,487
2023-05-19,2392,327,771,475
2023-05-20,1817,287,543,435
2023-05-21,1817,306,509,453
2023-05-22,2356,348,881,559
2023-05-23,2447,427,893,555
2023-05-24,2515,417,925,578
2023-05-25,2305,374,3364,516
2023-05-26,2199,340,2378,483
2023-05-27,1842,260,1391,421
2023-05-28,1799,299,1163,428
2023-05-29,2001,294,1043,464
2023-05-30,2467,429,1103,583
2023-05-31,2495,487,1083,470
2023-06-01,2996,377,1089,461
2023-06-02,2741,299,858,559
2023-06-03,2020,288,719,453
2023-06-04,2145,341,828,418
2023-06-05,3011,362,947,624
2023-06-06,2757,349,992,587
2023-06-07,2559,347,1089,632
2023-06-08,2847,386,1540,997
2023-06-09,3074,343,1090,1396
2023-06-10,2554,298,855,1375
2023-06-11,2596,314,779,1368
2023-06-12,3333,342,911,1459
2023-06-13,3463,324,966,1319
2023-06-14,3356,387,998,1197
2023-06-15,3207,337,2106,1175
2023-06-16,2991,317,1289,1255
2023-06-17,2578,302,810,1395
2023-06-18,2557,319,911,1438
2023-06-19,2793,396,996,1398
2023-06-20,2866,366,848,1309
2023-06-21,2952,415,1162,1433
2023-06-22,2803,325,1132,1311
2023-06-23,2622,334,902,1418
2023-06-24,2176,313,678,1292
2023-06-25,2285,319,726,1361
2023-06-26,2848,320,840,1322
2023-06-27,2982,352,881,1435
2023-06-28,2898,354,1080,1223
2023-06-29,2776,306,934,1147
2023-06-30,2618,306,793,1086
2023-07-01,2372,267,617,1145
2023-07-02,2280,294,621,1068
2023-07-03,2722,339,696,1027
2023-07-04,2635,286,748,1085
2023-07-05,2786,305,805,1168
2023-07-06,2975,395,821,1235
2023-07-07,2980,300,669,1154
2023-07-08,2397,275,634,1180
2023-07-09,2526,327,593,1057
2023-07-10,3160,350,746,1093
2023-07-11,3175,318,756,1126
2023-07-12,3622,314,909,1203
2023-07-13,3656,328,845,1178
2023-07-14,3161,364,869,1206
2023-07-15,2610,288,645,1142
2023-07-16,2579,313,629,1169
2023-07-17,3396,294,743,1154
2023-07-18,3548,335,934,1254
2023-07-19,3371,332,862,1162
2023-07-20,4288,338,765,1197
2023-07-21,4016,342,937,1324
2023-07-22,2857,313,694,1215
2023-07-23,2982,281,1562,1267
2023-07-24,3775,314,836,1176
2023-07-25,4379,315,809,1360
2023-07-26,5290,361,873,1216
2023-07-27,3652,395,970,1118
2023-07-28,3348,315,782,1041
2023-07-29,2462,353,659,1052
2023-07-30,2447,303,702,1169
2023-07-31,3276,387,853,1115
2023-08-01,3341,413,784,1060
2023-08-02,3242,675,840,1316
2023-08-03,3327,484,750,1080
2023-08-04,2973,382,731,1121
2023-08-05,2538,326,651,1220
2023-08-06,2691,336,572,1267
2023-08-07,4889,350,706,1183
2023-08-08,4398,349,724,1392
2023-08-09,3677,399,747,1246
2023-08-10,3500,371,827,1211
2023-08-11,3004,307,759,1181
2023-08-12,2751,296,645,1329
2023-08-13,2661,390,651,1397
2023-08-14,3539,941,673,1303
2023-08-15,3430,596,870,1474
2023-08-16,3475,733,1893,1510
2023-08-17,4757,713,1594,1573
2023-08-18,3688,666,1039,1504
2023-08-19,2888,419,648,1647
2023-08-20,3031,443,636,1765
2023-08-21,4951,721,795,1660
2023-08-22,4415,818,835,1573
2023-08-23,3808,744,869,1496
2023-08-24,3625,429,749,1548
2023-08-25,3372,469,790,1519
2023-08-26,2960,590,684,1737
2023-08-27,3600,714,699,1867
2023-08-28,4883,810,748,1734
2023-08-29,4885,1084,818,1882
2023-08-30,4901,645,716,1923
2023-08-31,4093,844,707,1538
2023-09-01,3705,697,808,1535
2023-09-02,3298,394,624,1835
2023-09-03,3333,333,690,1974
2023-09-04,3588,468,783,1790
2023-09-05,4371,421,803,1847
2023-09-06,4350,450,972,1921
2023-09-07,4271,411,935,1846
2023-09-08,3922,409,699,1796
2023-09-09,3127,335,611,1832
2023-09-10,3336,455,539,1936
2023-09-11,4111,443,700,1761
2023-09-12,4094,541,660,1748
2023-09-13,4273,511,708,1791
2023-09-14,4158,408,747,1869
2023-09-15,4675,415,640,1774
2023-09-16,3268,398,573,1914
2023-09-17,3545,494,617,1811
2023-09-18,5273,440,653,1785
2023-09-19,5614,426,704,1827
2023-09-20,6100,412,782,1747
2023-09-21,7156,586,844,1644
2023-09-22,5144,491,681,1650
2023-09-23,3351,403,601,1720
2023-09-24,3423,424,671,1723
2023-09-25,6655,461,737,1767
2023-09-26,6203,493,843,1815
2023-09-27,5900,476,728,1812
2023-09-28,5119,507,837,1554
2023-09-29,4494,681,760,1427
2023-09-30,3136,450,548,1698
2023-10-01,3306,346,552,1814
2023-10-02,4503,437,724,1633
2023-10-03,5771,567,873,1841
2023-10-04,6604,625,942,1818
2023-10-05,5201,499,854,1604
2023-10-06,4814,496,806,1484
2023-10-07,3535,313,703,1791
2023-10-08,3385,358,644,1888
2023-10-09,5141,385,736,1943
2023-10-10,4044,416,751,1759
2023-10-11,4349,377,662,1674
2023-10-12,4447,387,677,1703
2023-10-13,3733,367,703,1504
2023-10-14,3163,290,466,1690
2023-10-15,2955,322,529,1723
2023-10-16,4190,408,748,1705
2023-10-17,5385,643,782,1647
2023-10-18,5521,471,694,1664
2023-10-19,4805,495,634,1658
2023-10-20,4646,530,669,1542
2023-10-21,3354,412,566,1714
2023-10-22,3610,468,629,1817
2023-10-23,5407,1778,785,1694
2023-10-24,5981,1656,819,1549
2023-10-25,5782,857,795,1582
2023-10-26,5492,1029,875,1645
2023-10-27,4387,544,823,1566
2023-10-28,3664,424,578,1659
2023-10-29,3523,483,634,1708
2023-10-30,6262,495,737,1669
2023-10-31,5237,420,813,1669
2023-11-01,4869,397,775,1688
2023-11-02,4616,413,869,1512
2023-11-03,3738,389,776,1559
2023-11-04,2970,333,538,1676
2023-11-05,3069,322,619,1767
2023-11-06,4354,407,752,1555
2023-11-07,4540,385,800,1665
2023-11-08,4382,349,682,1747
2023-11-09,4700,374,672,1613
2023-11-10,4700,391,556,1496
2023-11-11,3278,299,463,1680
2023-11-12,3112,322,591,1638
2023-11-13,4549,356,667,1580
2023-11-14,4384,398,722,1562
2023-11-15,3911,338,738,1472
2023-11-16,4909,400,667,1403
2023-11-17,3936,369,680,1380
2023-11-18,3111,305,601,1398
2023-11-19,3214,366,596,1552
2023-11-20,4848,406,735,1527
2023-11-21,4044,431,701,1447
2023-11-22,3570,395,659,1473
2023-11-23,3242,304,587,1391
2023-11-24,3181,378,575,1453
2023-11-25,2648,333,483,1482
2023-11-26,2997,322,452,1482
2023-11-27,3899,434,724,1519
2023-11-28,3785,410,726,1327
2023-11-29,4721,432,1039,1485
2023-11-30,4377,386,971,1504
2023-12-01,4018,348,730,1413
2023-12-02,3057,376,647,1612
2023-12-03,2899,354,656,1586
2023-12-04,3817,397,712,1532
2023-12-05,3509,398,747,1431
2023-12-06,3377,396,780,1570
2023-12-07,3017,403,815,1295
2023-12-08,3248,372,790,1147
2023-12-09,2826,334,599,1278
2023-12-10,2877,366,583,1516
2023-12-11,3860,434,773,1600
2023-12-12,3763,425,793,1614
2023-12-13,4172,374,870,1566
2023-12-14,4365,434,928,1408
2023-12-15,3478,424,649,1141
2023-12-16,2725,405,633,1310
2023-12-17,2924,352,622,1536
2023-12-18,4364,402,758,1533
2023-12-19,4014,402,729,1320
2023-12-20,4047,2045,670,1292
2023-12-21,3500,1133,685,1263
2023-12-22,3347,421,1003,1358
2023-12-23,2850,338,602,1579
2023-12-24,2778,301,465,1663
2023-12-25,2842,423,459,1519
2023-12-26,3586,425,547,1530
2023-12-27,4001,373,549,1485
2023-12-28,4193,417,562,1536
2023-12-29,4106,440,542,1436
2023-12-30,3616,340,470,1576
2023-12-31,3200,322,493,1614
2024-01-01,3168,366,448,1376
2024-01-02,4619,447,620,1489
2024-01-03,4306,480,678,1394
2024-01-04,4152,454,613,1433
2024-01-05,3971,419,675,1447
2024-01-06,3445,339,576,1598
2024-01-07,3385,404,675,1588
2024-01-08,4451,504,723,1423
2024-01-09,5207,451,932,1378
2024-01-10,6177,421,958,1227
2024-01-11,6132,463,890,1298
2024-01-12,4496,420,846,1338
2024-01-13,3611,361,639,1418
2024-01-14,3469,345,733,1361
2024-01-15,3979,409,950,1224
2024-01-16,4621,446,906,1367
2024-01-17,4427,1879,940,1420
2024-01-18,4218,1268,939,1298
2024-01-19,5254,553,867,1240
2024-01-20,4142,464,766,1275
2024-01-21,4085,461,698,1235
2024-01-22,6669,479,838,1219
2024-01-23,5590,928,891,1193
2024-01-24,6096,593,907,1210
2024-01-25,5902,556,799,1200
2024-01-26,5137,474,689,1157
2024-01-27,4056,415,648,1370
2024-01-28,4321,397,734,1626
2024-01-29,6738,453,915,1422
2024-01-30,5902,536,997,1258
2024-01-31,4969,529,984,1387
2024-02-01,4339,503,824,1451
2024-02-02,4495,474,707,1301
2024-02-03,3562,405,562,1568
2024-02-04,3548,420,580,1422
2024-02-05,4395,530,751,1254
2024-02-06,4178,480,815,1161
2024-02-07,4514,546,723,1077
2024-02-08,4865,541,704,1128
2024-02-09,5402,628,629,1594
2024-02-10,4328,447,593,1326
2024-02-11,4524,384,679,1338
2024-02-12,6179,814,757,1384
2024-02-13,5310,764,925,1429
2024-02-14,4806,522,866,1292
2024-02-15,4746,536,11854,1128
2024-02-16,4589,491,7951,1367
2024-02-17,3422,387,6413,1274
2024-02-18,3537,440,2218,1214
2024-02-19,4307,604,1936,1185
2024-02-20,5010,599,1813,1347
2024-02-21,4615,544,1584,1269
2024-02-22,4887,539,1490,1404
2024-02-23,4622,464,1103,1328
2024-02-24,3729,393,898,1588
2024-02-25,3916,470,916,1609
2024-02-26,4627,503,1047,1487
2024-02-27,4404,597,1045,1642
2024-02-28,4596,671,1060,1409
2024-02-29,4394,618,904,1408
2024-03-01,6148,515,765,1422
2024-03-02,5128,358,642,1552
2024-03-03,4494,434,754,1443
2024-03-04,6485,545,970,1428
2024-03-05,6625,741,840,1613
2024-03-06,5319,713,870,1428
2024-03-07,4376,653,853,1253
2024-03-08,4060,630,699,1250
2024-03-09,3345,456,569,1264
2024-03-10,3367,423,1177,1172
2024-03-11,4350,597,722,1322
2024-03-12,4769,676,703,1244
2024-03-13,4625,2613,790,1234
2024-03-14,4085,1190,669,1293
2024-03-15,3645,681,631,1209
2024-03-16,2758,398,549,1130
2024-03-17,2732,501,569,1211
2024-03-18,5482,494,725,1304
2024-03-19,4787,637,692,1283
2024-03-20,4509,576,948,1079
2024-03-21,4094,590,1342,1279
2024-03-22,3681,525,768,1117
2024-03-23,3307,421,659,1089
2024-03-24,3564,432,604,1069
2024-03-25,4478,438,666,1060
2024-03-26,4420,450,646,1275
2024-03-27,3980,463,612,1330
2024-03-28,3767,430,772,1144
2024-03-29,3498,438,523,979
2024-03-30,3218,331,498,1069
2024-03-31,3294,378,600,1075
2024-04-01,4484,448,666,1182
2024-04-02,4121,527,729,1222
2024-04-03,3828,438,776,1155
2024-04-04,3564,443,754,1205
2024-04-05,4281,445,691,1066
2024-04-06,3088,292,604,1095
2024-04-07,3355,325,578,1084
2024-04-08,4076,424,734,991
2024-04-09,3968,482,744,1185
2024-04-10,3767,452,688,1020
2024-04-11,3699,433,749,1029
2024-04-12,3874,515,691,1169
2024-04-13,2834,430,603,910
2024-04-14,2706,593,616,903
2024-04-15,3094,907,714,1223
2024-04-16,3594,623,729,1135
2024-04-17,3225,560,717,1099
2024-04-18,2989,589,698,881
2024-04-19,2952,692,550,874
2024-04-20,2307,396,491,937
2024-04-21,2437,331,520,1041
2024-04-22,3178,432,709,1191
2024-04-23,3276,472,598,1216
2024-04-24,3166,431,662,921
2024-04-25,3097,476,737,886
2024-04-26,2913,474,663,830
2024-04-27,2637,353,547,763
2024-04-28,2651,388,655,765
2024-04-29,3587,417,701,885
2024-04-30,3333,436,750,870
2024-05-01,2894,396,721,771
2024-05-02,2863,389,774,787
2024-05-03,3020,635,600,879
2024-05-04,2298,572,534,660
2024-05-05,2317,384,562,700
2024-05-06,3230,461,677,738
2024-05-07,3207,654,709,774
2024-05-08,3153,533,673,730
2024-05-09,2956,623,622,753
2024-05-10,2848,368,641,683
2024-05-11,2209,331,388,596
2024-05-12,2393,327,435,785
2024-05-13,3061,402,471,999
2024-05-14,3173,495,577,848
2024-05-15,3239,498,599,832
2024-05-16,3909,447,565,815
2024-05-17,3615,420,470,829
2024-05-18,2666,339,372,716
2024-05-19,2521,330,430,801
2024-05-20,3097,360,583,833
2024-05-21,3290,382,665,881
2024-05-22,3062,355,730,792
2024-05-23,3061,418,856,788
2024-05-24,2818,374,552,818
2024-05-25,2283,358,515,747
2024-05-26,2257,353,497,665
2024-05-27,3095,361,570,746
2024-05-28,3725,408,565,864
2024-05-29,3313,475,504,770
2024-05-30,3260,442,495,659
2024-05-31,2832,366,437,680
2024-06-01,2745,308,328,662
2024-06-02,2910,316,346,718
2024-06-03,3143,373,479,726
2024-06-04,2914,651,497,664
2024-06-05,3049,472,677,628
2024-06-06,3771,480,538,636
2024-06-07,2896,394,450,589
2024-06-08,2479,357,412,569
2024-06-09,2320,347,419,725
2024-06-10,3406,323,490,759
2024-06-11,3749,429,515,719
2024-06-12,3695,573,502,678
2024-06-13,3191,619,424,640
2024-06-14,2960,404,411,737
2024-06-15,2190,298,359,802
2024-06-16,2324,361,398,772
2024-06-17,3215,456,478,739
2024-06-18,3379,480,382,697
2024-06-19,3250,437,450,688
2024-06-20,3282,441,443,795
2024-06-21,2871,465,373,722
2024-06-22,2139,387,377,648
2024-06-23,2243,428,372,613
2024-06-24,2887,479,408,724
2024-06-25,3140,366,417,626
2024-06-26,2745,343,476,690
2024-06-27,2929,366,454,655
2024-06-28,2619,299,403,557
2024-06-29,2109,254,376,575
2024-06-30,2154,282,366,610
2024-07-01,3194,365,378,616
2024-07-02,3355,317,450,755
2024-07-03,3174,381,431,742
2024-07-04,2562,404,365,650
2024-07-05,2720,363,431,686
2024-07-06,2210,293,416,657
2024-07-07,2274,395,399,655
2024-07-08,3130,391,496,711
2024-07-09,3086,348,514,608
2024-07-10,3152,444,533,617
2024-07-11,3337,525,570,609
2024-07-12,3031,330,510,595
2024-07-13,2265,282,408,601
2024-07-14,2220,316,392,594
2024-07-15,3020,401,457,649
2024-07-16,3345,349,501,647
2024-07-17,3491,553,454,841
2024-07-18,3175,419,538,897
2024-07-19,3792,509,474,813
2024-07-20,2713,325,463,714
2024-07-21,2369,316,434,718
2024-07-22,3084,362,482,837
2024-07-23,3007,378,587,751
2024-07-24,3148,462,613,1004
2024-07-25,3645,536,790,1316
2024-07-26,3129,396,526,781
2024-07-27,2161,338,429,755
2024-07-28,1961,298,437,742
2024-07-29,2765,359,510,764
2024-07-30,3384,396,554,761
2024-07-31,3362,405,591,790
2024-08-01,3080,424,901,865
2024-08-02,3431,884,3246,1854
2024-08-03,2732,675,2970,1265
2024-08-04,2623,675,1711,1103
2024-08-05,7216,9284,18307,8037
2024-08-06,6861,4144,8822,3872
2024-08-07,5002,1623,3140,2143
2024-08-08,4186,948,2310,1573
2024-08-09,3562,631,1530,1215
2024-08-10,2665,491,1101,1025
2024-08-11,3035,445,1041,952
2024-08-12,3726,498,1393,1156
2024-08-13,3648,545,1245,1087
2024-08-14,3591,470,1223,1141
2024-08-15,3938,433,1147,1496
2024-08-16,3367,502,827,1019
2024-08-17,2780,462,701,918
2024-08-18,3025,476,709,907
2024-08-19,3771,482,811,971
2024-08-20,3612,433,815,1081
2024-08-21,3407,481,925,1061
2024-08-22,3234,463,1194,1013
2024-08-23,3041,355,1022,946
2024-08-24,2448,367,797,845
2024-08-25,2533,313,697,948
2024-08-26,3423,415,738,949
2024-08-27,3539,432,805,1029
2024-08-28,3385,423,807,1119
2024-08-29,3260,500,741,1089
2024-08-30,3060,420,710,868
2024-08-31,2571,358,521,888
2024-09-01,2714,337,556,950
2024-09-02,2862,424,636,940
2024-09-03,3614,637,913,1283
2024-09-04,3613,581,984,1198
2024-09-05,3259,581,940,958
2024-09-06,3299,630,822,1088
2024-09-07,2852,522,691,785
2024-09-08,2642,491,684,830
2024-09-09,3779,520,740,969
2024-09-10,3611,465,718,1002
2024-09-11,3410,469,1253,993
2024-09-12,3465,396,831,993
2024-09-13,3347,426,741,965
2024-09-14,2602,361,602,936
2024-09-15,2761,358,695,996
2024-09-16,3419,445,814,995
2024-09-17,3411,493,828,974
2024-09-18,3666,488,1259,1041
2024-09-19,3707,584,1347,1101
2024-09-20,3488,526,905,931
2024-09-21,2731,397,736,926
2024-09-22,2803,426,738,920
2024-09-23,3709,440,864,856
2024-09-24,3639,492,898,957
2024-09-25,3499,491,886,929
2024-09-26,3655,481,877,842
2024-09-27,3795,452,753,804
2024-09-28,2745,360,582,825
2024-09-29,2817,560,589,832
2024-09-30,3603,519,704,773
2024-10-01,3983,498,711,1126
2024-10-02,3456,467,783,938
2024-10-03,3237,597,630,919
2024-10-04,3101,446,680,931
2024-10-05,2524,410,534,813
2024-10-06,2675,406,858,853
2024-10-07,3139,528,799,1044
2024-10-08,3386,483,722,1037
2024-10-09,3239,405,751,821
2024-10-10,3315,407,585,868
2024-10-11,3095,371,531,751
2024-10-12,2571,335,471,743
2024-10-13,2716,369,440,793
2024-10-14,3718,445,547,923
2024-10-15,3704,470,570,918
2024-10-16,3437,414,630,923
2024-10-17,4014,421,593,891
2024-10-18,3609,458,576,928
2024-10-19,2739,433,433,857
2024-10-20,2783,346,522,886
2024-10-21,3459,505,570,836
2024-10-22,3455,566,631,897
2024-10-23,3167,648,590,959
2024-10-24,3164,1079,620,819
2024-10-25,3192,788,546,833
2024-10-26,2391,476,421,762
2024-10-27,2792,436,448,794
2024-10-28,3613,482,518,855
2024-10-29,3457,554,586,835
2024-10-30,3291,483,619,838
2024-10-31,3034,500,569,1079
2024-11-01,3070,422,575,858
2024-11-02,2802,385,520,816
2024-11-03,2479,378,554,789
2024-11-04,3241,541,702,903
2024-11-05,3295,433,592,968
2024-11-06,5034,504,1319,1266
2024-11-07,4977,537,1146,1009
2024-11-08,4406,491,904,779
2024-11-09,3601,446,691,805
2024-11-10,3406,455,842,796
2024-11-11,4433,571,917,804
2024-11-12,4785,602,985,875
2024-11-13,4236,813,918,813
2024-11-14,3814,667,796,867
2024-11-15,3946,566,792,917
2024-11-16,3233,427,571,768
2024-11-17,15237,451,577,833
2024-11-18,4007,574,704,836
2024-11-19,4073,529,740,848
2024-11-20,4613,485,655,964
2024-11-21,4406,575,648,846
2024-11-22,4153,499,596,772
2024-11-23,3328,440,561,840
2024-11-24,3163,407,541,840
2024-11-25,4384,540,653,758
2024-11-26,4319,556,699,755
2024-11-27,3956,497,682,804
2024-11-28,3328,476,582,716
2024-11-29,3436,496,565,769
2024-11-30,3228,401,503,735
2024-12-01,3475,447,489,792
2024-12-02,5301,610,583,817
2024-12-03,4749,670,595,794
2024-12-04,4743,717,638,839
2024-12-05,4488,706,634,862
2024-12-06,4100,668,585,792
2024-12-07,3259,543,446,819
2024-12-08,2983,478,410,801
2024-12-09,4156,565,536,906
2024-12-10,3794,523,545,860
2024-12-11,4471,549,491,869
2024-12-12,4519,641,567,782
2024-12-13,4000,542,708,829
2024-12-14,3790,509,479,788
2024-12-15,3922,453,488,807
2024-12-16,5121,547,625,799
2024-12-17,4665,631,565,883
2024-12-18,4649,912,672,1096
2024-12-19,4593,930,832,1645
2024-12-20,4153,747,618,1278
2024-12-21,3011,493,470,860
2024-12-22,3072,427,448,880
2024-12-23,3608,500,591,833
2024-12-24,3401,457,500,794
2024-12-25,2960,414,409,731
2024-12-26,3564,467,548,793
2024-12-27,3977,500,525,919
2024-12-28,3325,444,543,777
2024-12-29,3536,569,534,842
2024-12-30,3965,504,512,967
2024-12-31,4211,524,454,727
2025-01-01,4000,481,379,646
2025-01-02,5664,590,530,836
2025-01-03,6354,589,520,825
2025-01-04,4619,839,408,844
2025-01-05,4367,501,420,749
2025-01-06,5460,747,512,809
2025-01-07,5714,655,488,931
2025-01-08,5898,884,557,995
2025-01-09,4559,752,497,662
2025-01-10,4187,643,572,748
2025-01-11,3200,397,391,699
2025-01-12,3080,463,442,653
2025-01-13,4046,711,493,793
2025-01-14,3985,596,512,788
2025-01-15,4238,623,600,689
2025-01-16,4023,570,532,629
2025-01-17,3859,523,506,642
2025-01-18,3117,401,430,654
2025-01-19,4075,534,391,732
2025-01-20,4739,533,508,714
2025-01-21,5222,839,601,821
2025-01-22,5314,1483,532,774
2025-01-23,5430,776,638,804
2025-01-24,4643,625,534,758
2025-01-25,7394,464,398,663
2025-01-26,5386,457,412,639
2025-01-27,6794,1427,569,1335
2025-01-28,6503,1385,615,978
2025-01-29,5021,949,714,817
2025-01-30,4789,819,598,700
2025-01-31,4920,748,645,771
2025-02-01,3665,738,819,677
2025-02-02,4328,1018,1196,856
2025-02-03,6961,2122,1118,1965
2025-02-04,4807,732,666,1054
2025-02-05,4402,617,547,832
2025-02-06,4590,527,586,776
2025-02-07,3845,557,425,742
2025-02-08,2883,520,325,660
2025-02-09,2888,445,370,638
2025-02-10,3813,566,520,659
2025-02-11,4629,658,559,725
2025-02-12,5474,657,505,624
2025-02-13,4210,701,541,698
2025-02-14,3556,685,391,681
2025-02-15,2736,608,366,598
2025-02-16,2910,541,422,640
2025-02-17,3272,586,386,682
2025-02-18,3790,742,434,654
2025-02-19,3822,693,460,655
2025-02-20,4316,756,630,779
2025-02-21,4755,887,589,913
2025-02-22,4216,922,516,756
2025-02-23,3431,740,523,768
2025-02-24,5312,896,491,1091
2025-02-25,5964,1252,620,1231
2025-02-26,5481,832,710,957
2025-02-27,4979,1058,677,930
2025-02-28,5288,1250,920,1178
2025-03-01,3774,854,736,751
2025-03-02,3708,761,612,790
2025-03-03,6000,1616,1009,1557
2025-03-04,10673,3605,2330,2700
2025-03-05,8768,1852,1475,1367
2025-03-06,7849,1646,1280,1613
2025-03-07,7225,1475,1071,1303
2025-03-08,4625,983,777,956
2025-03-09,4087,865,2048,979
2025-03-10,9763,3894,11255,2796
2025-03-11,13676,4896,10812,2755
2025-03-12,10833,2429,5950,1639
2025-03-13,9651,2252,3795,1436
2025-03-14,8685,1679,2457,1407
2025-03-15,5135,1131,1435,865
2025-03-16,4629,1012,1486,792
2025-03-17,6269,1179,1626,995
2025-03-18,6152,1170,1610,1173
2025-03-19,5651,963,1351,987
2025-03-20,4699,797,1355,936
2025-03-21,4457,753,976,954
2025-03-22,3541,724,834,763
2025-03-23,3588,690,689,879
2025-03-24,5050,777,833,1081
2025-03-25,4674,832,1032,958
2025-03-26,4831,752,974,911
2025-03-27,4598,693,921,882
2025-03-28,4726,918,929,1169
2025-03-29,3809,817,683,966
2025-03-30,3773,736,792,752
2025-03-31,6145,989,1345,1464
2025-04-01,5671,723,1207,992
2025-04-02,6782,1308,1449,1256
2025-04-03,17927,8452,5587,8161
2025-04-04,23589,13694,9050,11827
2025-04-05,13789,10084,7130,6385
2025-04-06,10460,6277,4975,4857
2025-04-07,34028,19089,11736,16726
2025-04-08,22379,8013,6745,7472
2025-04-09,25128,6818,6528,8097
2025-04-10,18440,3288,3352,5802
2025-04-11,10862,1761,2420,3533
2025-04-12,5442,1087,1594,1494
2025-04-13,4678,1069,1531,1440
2025-04-14,6891,1208,1854,2097
2025-04-15,6367,1053,1384,2278
2025-04-16,6511,999,1266,2060
2025-04-17,6104,910,1219,1544
2025-04-18,4501,737,940,1090
2025-04-19,3482,652,801,921
2025-04-20,3388,604,717,901
2025-04-21,5964,1037,1069,2139
2025-04-22,6493,937,1236,1912
2025-04-23,5882,713,1050,1640
2025-04-24,5156,738,899,1331
2025-04-25,4505,665,826,1109
2025-04-26,2972,452,606,804
2025-04-27,2857,483,646,811
2025-04-28,4208,628,916,1162
2025-04-29,4351,556,1071,1124
2025-04-30,4516,615,3308,1184
2025-05-01,4251,505,1788,937
2025-05-02,4222,500,1165,1126
2025-05-03,3328,398,1219,758
2025-05-04,3388,419,891,768
2025-05-05,4555,498,997,980
2025-05-06,4437,573,1008,1081
2025-05-07,4115,511,874,968
2025-05-08,4352,501,858,965
2025-05-09,3918,429,730,886
2025-05-10,2849,333,470,705
2025-05-11,2805,370,513,749
2025-05-12,5550,487,624,1210
2025-05-13,6341,460,595,1133
2025-05-14,5437,488,576,962
2025-05-15,4470,440,563,821
2025-05-16,4035,370,550,787
2025-05-17,3081,345,413,645
2025-05-18,3090,325,404,614
2025-05-19,3970,499,541,838
2025-05-20,4014,490,460,794
2025-05-21,4086,474,510,844
2025-05-22,3897,436,505,761
2025-05-23,3439,409,430,888
2025-05-24,2550,383,410,737
2025-05-25,2448,383,419,687
2025-05-26,2949,429,422,648
2025-05-27,3656,448,457,806
2025-05-28,3653,475,454,750
2025-05-29,3801,449,475,753
2025-05-30,3232,378,448,687
2025-05-31,2501,341,310,630
2025-06-01,2585,296,304,635
2025-06-02,3347,387,402,690
2025-06-03,3595,376,384,705
2025-06-04,3567,353,412,703
2025-06-05,3715,363,538,764
2025-06-06,3582,315,580,816
2025-06-07,2662,272,406,623
2025-06-08,2509,304,446,646
2025-06-09,3436,335,369,750
2025-06-10,3552,343,396,690
2025-06-11,3555,301,364,702
2025-06-12,3331,334,381,739
2025-06-13,3250,358,306,944
2025-06-14,2315,271,317,695
2025-06-15,2296,263,300,688
2025-06-16,3578,347,381,850
2025-06-17,3474,400,353,963
2025-06-18,3431,378,373,884
2025-06-19,3010,397,527,764
2025-06-20,3200,323,528,832
2025-06-21,2434,296,397,958
2025-06-22,2605,330,444,973
2025-06-23,3713,398,455,899
2025-06-24,3870,327,430,864
2025-06-25,3850,287,387,746
2025-06-26,3901,363,428,710
2025-06-27,4269,342,365,682
2025-06-28,3214,317,295,504
2025-06-29,2983,331,300,528
2025-06-30,4064,396,401,695
2025-07-01,4060,324,336,722
2025-07-02,4102,381,363,642
2025-07-03,4031,347,341,656
2025-07-04,2926,320,317,637
2025-07-05,2699,310,298,500
2025-07-06,2707,296,290,606
2025-07-07,3711,441,342,688
2025-07-08,3961,420,417,679
2025-07-09,3855,358,344,739
2025-07-10,4026,337,303,643
2025-07-11,3617,445,443,641
2025-07-12,2675,306,277,578
2025-07-13,2728,358,266,566
2025-07-14,3665,422,379,640
2025-07-15,4255,374,368,571
2025-07-16,3938,402,385,671
2025-07-17,3965,366,355,670
2025-07-18,3643,352,351,573
2025-07-19,3003,410,299,479
2025-07-20,2787,401,314,570
2025-07-21,4376,456,383,639
2025-07-22,4229,510,377,619
2025-07-23,4212,479,359,770
2025-07-24,4036,416,405,719
2025-07-25,3691,440,338,673
2025-07-26,2680,326,332,597
2025-07-27,2706,404,359,568
2025-07-28,4048,519,371,715
2025-07-29,3813,571,413,745
2025-07-30,3738,496,441,709
2025-07-31,4065,439,448,642
2025-08-01,4043,672,504,1160
2025-08-02,2591,484,502,601
2025-08-03,2472,493,503,610
2025-08-04,3490,592,674,865
2025-08-05,3792,451,518,750
2025-08-06,3627,530,446,664
2025-08-07,3801,501,429,580
2025-08-08,3616,480,395,602
2025-08-09,2537,438,336,383
2025-08-10,2615,468,354,417
2025-08-11,3449,546,460,568
2025-08-12,3640,566,468,694
2025-08-13,3802,600,438,600
2025-08-14,3419,623,432,552
2025-08-15,3254,540,453,524
2025-08-16,2292,451,320,343
2025-08-17,2315,455,340,329
2025-08-18,3131,530,358,465
2025-08-19,3284,581,376,518
2025-08-20,3341,627,350,594
2025-08-21,3195,508,371,602
2025-08-22,3399,505,361,620
2025-08-23,2495,446,286,359
2025-08-24,2474,484,297,428
2025-08-25,3415,525,353,525
2025-08-26,3395,576,413,537
2025-08-27,3509,517,399,493
2025-08-28,3230,561,412,504
2025-08-29,3035,563,467,480
2025-08-30,2139,474,430,339
2025-08-31,2095,395,280,343
2025-09-01,2450,452,376,340
2025-09-02,3275,611,440,680
2025-09-03,3181,508,425,426
2025-09-04,3090,499,434,437
2025-09-05,4064,501,588,407
2025-09-06,2516,379,729,271
2025-09-07,2251,379,677,271
2025-09-08,3440,451,525,334
2025-09-09,3379,502,554,349
2025-09-10,3390,478,516,360
2025-09-11,3066,494,477,334
2025-09-12,2859,437,375,294
2025-09-13,1973,319,344,184
2025-09-14,2031,355,279,211
2025-09-15,3091,452,412,432
2025-09-16,3050,471,425,378
2025-09-17,3379,500,505,413
2025-09-18,3426,475,466,338
2025-09-19,2806,482,410,258
2025-09-20,2237,483,320,200
2025-09-21,2334,395,314,219
2025-09-22,3208,515,445,304
2025-09-23,3204,585,417,334
2025-09-24,2885,583,399,299
2025-09-25,2772,591,374,442
2025-09-26,2652,543,360,328
2025-09-27,1886,496,352,176
2025-09-28,2018,511,318,185
2025-09-29,2932,1398,408,361
2025-09-30,2992,774,457,361
2025-10-01,2936,618,422,354
2025-10-02,3037,643,429,294
2025-10-03,2845,556,427,311
2025-10-04,2036,513,328,188
2025-10-05,2167,415,494,174
2025-10-06,3174,835,466,379
2025-10-07,3130,679,462,373
2025-10-08,3296,723,521,400
2025-10-09,3103,782,447,380
2025-10-10,3309,1147,416,818
2025-10-11,2934,1413,418,710
2025-10-12,2539,1289,381,499
2025-10-13,3576,1279,415,626
2025-10-14,3323,895,398,658
2025-10-15,3404,909,443,571
2025-10-16,3034,879,414,815
2025-10-17,3273,890,400,1132
2025-10-18,2360,628,285,460
2025-10-19,2162,670,306,414
2025-10-20,3088,714,376,730
2025-10-21,3300,708,376,538
2025-10-22,3110,756,415,581
2025-10-23,2956,833,471,500
2025-10-24,3062,1468,421,391
2025-10-25,2204,704,333,282
2025-10-26,2259,543,328,246
2025-10-27,3603,672,457,449
2025-10-28,3673,652,471,495
2025-10-29,4025,789,473,499
2025-10-30,3712,694,464,418
2025-10-31,3102,628,385,464
2025-11-01,2226,512,323,245
2025-11-02,2327,635,383,263
2025-11-03,3501,628,469,435
2025-11-04,3594,846,442,656
2025-11-05,3665,906,489,562
2025-11-06,3565,898,450,615
2025-11-07,3387,914,474,641
2025-11-08,2489,603,389,283
2025-11-09,2257,549,387,225
2025-11-10,3341,632,469,469
2025-11-11,3512,555,429,408
2025-11-12,3434,637,427,346
2025-11-13,3487,720,437,609
2025-11-14,3205,770,409,965
2025-11-15,2077,490,305,381
2025-11-16,2071,496,358,297
2025-11-17,3354,696,469,671
2025-11-18,3865,939,549,1014
2025-11-19,3436,765,485,677
2025-11-20,3705,866,505,913
2025-11-21,3387,870,393,926
2025-11-22,2197,510,284,354
2025-11-23,2191,501,354,347
2025-11-24,3133,498,446,618
2025-11-25,3208,478,438,536
2025-11-26,3164,425,408,451
2025-11-27,2415,424,325,360
2025-11-28,2334,497,339,288
2025-11-29,1982,426,293,237
2025-11-30,2039,417,306,245
2025-12-01,2861,593,387,446
2025-12-02,2845,503,413,397
2025-12-03,2967,468,424,357
2025-12-04,3123,558,475,352
2025-12-05,2796,450,424,308
2025-12-06,2117,362,313,214
2025-12-07,1969,433,319,228
2025-12-08,2998,515,400,364
2025-12-09,3050,501,335,324
2025-12-10,3158,510,398,292
2025-12-11,2926,433,399,277
2025-12-12,2695,462,409,308
2025-12-13,1760,333,306,198
2025-12-14,1759,334,235,151
2025-12-15,2590,485,328,297
2025-12-16,2535,474,381,285
2025-12-17,2622,515,358,282
2025-12-18,2557,356,390,278
2025-12-19,2320,376,299,249
2025-12-20,1715,279,238,176
2025-12-21,1739,285,251,187
2025-12-22,2473,317,307,277
2025-12-23,2588,327,331,300
2025-12-24,2380,370,294,247
2025-12-25,2001,320,244,176
2025-12-26,2322,298,278,239
2025-12-27,2103,312,246,183
2025-12-28,2295,288,235,165
2025-12-29,2785,306,245,289
2025-12-30,2742,347,243,289
2025-12-31,2605,290,259,226
2026-01-01,2560,297,222,180
2026-01-02,3303,383,313,251
2026-01-03,2557,352,250,198
2026-01-04,2473,325,267,167
2026-01-05,3693,332,273,275
2026-01-06,3737,361,294,235
2026-01-07,3577,356,279,331
2026-01-08,3121,455,269,309
2026-01-09,2963,437,289,277
2026-01-10,2160,345,219,188
2026-01-11,2253,359,218,219
2026-01-12,3391,426,491,443
2026-01-13,3472,393,360,338
2026-01-14,3365,372,319,360
2026-01-15,3119,392,303,347
2026-01-16,2840,389,294,287
2026-01-17,2327,315,219,191
2026-01-18,2182,361,225,214
2026-01-19,2822,407,315,417
2026-01-20,3813,707,331,885
2026-01-21,4159,679,317,644
2026-01-22,3624,501,313,424
2026-01-23,3189,494,255,296
2026-01-24,2200,367,205,181
2026-01-25,2216,333,203,220
2026-01-26,3074,429,253,329
2026-01-27,3479,450,271,313
2026-01-28,3874,446,290,352
2026-01-29,3903,665,334,405
2026-01-30,3473,671,285,394
2026-01-31,2396,654,235,278
2026-02-01,2269,698,263,290
2026-02-02,3420,694,290,431
2026-02-03,3573,568,304,451
2026-02-04,3568,585,366,514
2026-02-05,3917,925,364,641
2026-02-06,3612,756,311,632
2026-02-07,2665,436,249,363
2026-02-08,2503,346,235,263
2026-02-09,3141,458,291,410
2026-02-10,3310,437,301,401
2026-02-11,3362,478,294,390
2026-02-12,3295,514,315,569
2026-02-13,3013,483,404,483
2026-02-14,2208,342,264,237
2026-02-15,2143,471,229,182
2026-02-16,2847,421,316,263
2026-02-17,3422,456,241,359
2026-02-18,3415,389,274,368
2026-02-19,3261,553,282,448
2026-02-20,3310,463,302,350
2026-02-21,2147,338,215,232
2026-02-22,2055,401,211,232
2026-02-23,3069,472,303,463
2026-02-24,3140,472,263,380
2026-02-25,3284,414,288,295
2026-02-26,3111,345,334,388
2026-02-27,3127,356,272,415
2026-02-28,1962,331,202,312
2026-03-01,2179,368,250,267
2026-03-02,4382,559,285,810
2026-03-03,6266,685,268,1076
2026-03-04,3965,622,286,600
2026-03-05,3662,475,305,704
2026-03-06,3397,536,415,753
2026-03-07,2221,401,327,476
2026-03-08,2033,528,341,416
2026-03-09,4030,881,504,1423
2026-03-10,3540,400,444,696
2026-03-11,3242,399,408,413
2026-03-12,3034,453,514,645
2026-03-13,2427,486,496,523
2026-03-14,1848,318,310,245
2026-03-15,1942,406,332,245
2026-03-16,2774,310,414,396
2026-03-17,2411,370,909,381
2026-03-18,2544,376,962,406
2026-03-19,2472,610,789,429
2026-03-20,2317,562,644,446
2026-03-21,1649,401,531,295
2026-03-22,1758,362,564,326
2026-03-23,3286,588,702,644
2026-03-24,3240,431,687,453
2026-03-25,2917,428,831,390
2026-03-26,2772,460,750,423
2026-03-27,2777,604,745,665
2026-03-28,1989,454,548,437
2026-03-29,1882,401,613,441
2026-03-30,3094,562,1050,740
2026-03-31,3011,432,714,611
2026-04-01,2623,388,633,466
2026-04-02,2580,380,521,463
2026-04-03,1957,320,529,227
2026-04-04,1557,262,429,177
2026-04-05,1564,260,399,185
2026-04-06,2214,286,472,291
2026-04-07,2430,329,491,424
2026-04-08,3250,375,493,489
2026-04-09,2696,336,484,381
2026-04-10,2485,317,545,264
2026-04-11,1686,266,457,154
2026-04-12,1673,235,485,186
2026-04-13,2700,437,570,373
2026-04-14,2969,446,674,374
2026-04-15,3684,441,714,367
2026-04-16,3557,389,522,343
2026-04-17,3294,364,375,337
2026-04-18,2165,301,270,251
2026-04-19,2056,287,362,247
2026-04-20,2755,402,466,391
2026-04-21,2797,352,378,373
2026-04-22,2901,347,336,293
2026-04-23,2928,353,374,299
2026-04-24,2700,353,342,243
2026-04-25,2074,328,307,171
2026-04-26,1823,247,279,166
2026-04-27,2699,338,367,290
2026-04-28,2799,376,350,314
2026-04-29,2576,435,416,311
2026-04-30,2833,356,414,257
2026-05-01,2787,310,349,233
2026-05-02,2023,282,320,215
2026-05-03,2067,267,268,204
2026-05-04,2790,336,490,314
2026-05-05,2943,329,529,246
2026-05-06,3270,395,434,254
2026-05-07,3014,328,316,287
2026-05-08,2690,339,358,259
2026-05-09,2065,292,278,161
2026-05-10,1896,299,306,190
2026-05-11,3050,470,426,347
2026-05-12,3099,509,446,311
2026-05-13,3082,405,429,260
2026-05-14,3087,405,368,320
2026-05-15,2931,422,339,321
2026-05-16,1943,295,311,216
2026-05-17,1830,259,272,201
2026-05-18,2574,367,330,296
2026-05-19,2384,365,367,313
2026-05-20,2554,327,374,294
2026-05-21,2737,367,330,310
2026-05-22,2509,301,324,262
2026-05-23,1909,268,296,196
2026-05-24,1958,309,264,206
2026-05-25,2217,404,321,189
2026-05-26,2976,380,294,266
2026-05-27,2985,335,328,302
2026-05-28,2874,403,459,312
2026-05-29,2892,401,1057,281
2026-05-30,1972,246,687,189
2026-05-31,1958,240,452,166
2026-06-01,3316,326,599,267
2026-06-02,3523,379,627,275
2026-06-03,3263,401,505,247
2026-06-04,3303,372,428,301
2026-06-05,4125,625,452,1099
2026-06-06,2968,478,320,350
2026-06-07,2694,428,351,340
2026-06-08,3997,558,529,533
2026-06-09,3502,446,354,450
2026-06-10,3245,447,262,417
2026-06-11,3210,356,311,394
2026-06-12,3857,333,282,276
2026-06-13,2626,233,270,174
2026-06-14,2257,269,254,192
2026-06-15,3515,258,334,306
2026-06-16,3515,303,310,292
2026-06-17,3117,334,287,273
2026-06-18,2956,274,269,272
2026-06-19,2352,308,220,207
2026-06-20,1742,244,212,140
2026-06-21,1724,302,231,260
2026-06-22,3151,325,287,250
2026-06-23,2964,404,250,474
2026-06-24,2859,329,252,387
2026-06-25,2669,297,257,381
2026-06-26,2274,290,257,264
2026-06-27,1661,236,242,147
2026-06-28,1653,236,244,134
2026-06-29,2417,254,246,244
2026-06-30,2676,274,223,254
2026-07-01,2575,262,232,201
2026-07-02,2332,292,268,251
2026-07-03,1851,222,215,171
2026-07-04,1626,230,210,154
2026-07-05,1794,201,209,165
2026-07-06,2758,219,260,257
2026-07-07,2789,251,277,314
2026-07-08,2826,340,253,384
2026-07-09,2499,256,292,321
2026-07-10,2440,254,244,251
2026-07-11,1542,214,410,129
2026-07-12,1501,210,249,240
2026-07-13,2337,265,254,254
2026-07-14,2376,343,219,263
2026-07-15,2336,256,207,305
2026-07-16,2307,292,224,285
2026-07-17,2114,305,213,303
2026-07-18,1433,238,170,195
2026-07-19,1425,175,264,168
2026-07-20,2076,235,220,265
2026-07-21,2221,221,234,236
2026-07-22,2063,254,254,268
2026-07-23,2067,285,219,310
2026-07-24,1921,237,246,247
2026-07-25,1408,235,179,133
2026-07-26,1344,216,183,156
2026-07-27,2161,296,217,323
2026-07-28,2280,306,229,287
2026-07-29,2258,392,235,291
2026-07-30,2315,313,341,258
2026-07-31,2039,251,229,264
2026-08-01,1484,236,172,154
2026-08-02,1500,207,219,159
2026-08-03,2341,246,281,285
2026-08-04,2696,305,308,252
2026-08-05,2664,368,289,266
2026-08-06,2319,268,325,241
2026-08-07,2292,266,244,229
2026-08-08,1656,244,182,171
2026-08-09,1614,229,210,148
2026-08-10,2246,265,273,151
2026-08-11,2113,280,259,229
2026-08-12,2363,234,207,276
2026-08-13,2508,269,343,268
2026-08-14,2474,272,395,239
2026-08-15,1565,295,276,203
2026-08-16,1551,250,419,173
2026-08-17,2425,290,290,296
2026-08-18,2190,329,380,312
2026-08-19,2302,304,309,669
2026-08-20,2161,305,301,269
2026-08-21,2146,276,249,211
2026-08-22,1643,290,240,122
2026-08-23,1680,241,257,138
2026-08-24,2442,241,243,257
2026-08-25,2227,262,374,226
2026-08-26,2361,280,355,208
2026-08-27,2379,246,293,223
2026-08-28,2068,275,363,216
2026-08-29,1602,289,295,154
2026-08-30,2204,199,251,127
2026-08-31,2536,365,370,305
2026-09-01,2282,318,328,303
