date,close,ret
2018-01-02,268.77,0.007157
2018-01-03,270.47,0.006325
2018-01-04,271.61,0.004215
2018-01-05,273.42,0.006664
2018-01-08,273.92,0.001829
2018-01-09,274.54,0.002263
2018-01-10,274.12,-0.00153
2018-01-11,276.12,0.007296
2018-01-12,277.92,0.006519
2018-01-16,276.97,-0.003418
2018-01-17,279.61,0.009532
2018-01-18,279.14,-0.001681
2018-01-19,280.41,0.00455
2018-01-22,282.69,0.008131
2018-01-23,283.29,0.002122
2018-01-24,283.18,-0.000388
2018-01-25,283.3,0.000424
2018-01-26,286.58,0.011578
2018-01-29,284.68,-0.00663
2018-01-30,281.76,-0.010257
2018-01-31,281.9,0.000497
2018-02-01,281.58,-0.001135
2018-02-02,275.45,-0.02177
2018-02-05,263.93,-0.041823
2018-02-06,269.13,0.019702
2018-02-07,267.67,-0.005425
2018-02-08,257.63,-0.037509
2018-02-09,261.5,0.015022
2018-02-12,265.34,0.014685
2018-02-13,266,0.002487
2018-02-14,269.59,0.013496
2018-02-15,273.03,0.01276
2018-02-16,273.11,0.000293
2018-02-20,271.4,-0.006261
2018-02-21,270.05,-0.004974
2018-02-22,270.4,0.001296
2018-02-23,274.71,0.015939
2018-02-26,277.9,0.011612
2018-02-27,274.43,-0.012487
2018-02-28,271.65,-0.01013
2018-03-01,267.7,-0.014541
2018-03-02,269.08,0.005155
2018-03-05,272.19,0.011558
2018-03-06,272.88,0.002535
2018-03-07,272.78,-0.000366
2018-03-08,274.1,0.004839
2018-03-09,278.87,0.017402
2018-03-12,278.52,-0.001255
2018-03-13,276.72,-0.006463
2018-03-14,275.3,-0.005132
2018-03-15,275,-0.00109
2018-03-16,274.2,0.001079
2018-03-19,270.49,-0.01353
2018-03-20,270.95,0.001701
2018-03-21,270.43,-0.001919
2018-03-22,263.67,-0.024997
2018-03-23,258.05,-0.021315
2018-03-26,265.11,0.027359
2018-03-27,260.6,-0.017012
2018-03-28,259.83,-0.002955
2018-03-29,263.15,0.012778
2018-04-02,257.47,-0.021585
2018-04-03,260.77,0.012817
2018-04-04,263.56,0.010699
2018-04-05,265.64,0.007892
2018-04-06,259.72,-0.022286
2018-04-09,261,0.004928
2018-04-10,265.15,0.0159
2018-04-11,263.76,-0.005242
2018-04-12,265.93,0.008227
2018-04-13,265.15,-0.002933
2018-04-16,267.33,0.008222
2018-04-17,270.19,0.010698
2018-04-18,270.39,0.00074
2018-04-19,268.89,-0.005548
2018-04-20,266.61,-0.008479
2018-04-23,266.57,-0.00015
2018-04-24,262.98,-0.013467
2018-04-25,263.63,0.002472
2018-04-26,266.31,0.010166
2018-04-27,266.56,0.000939
2018-04-30,264.51,-0.007691
2018-05-01,264.98,0.001777
2018-05-02,263.2,-0.006717
2018-05-03,262.62,-0.002204
2018-05-04,266.02,0.012946
2018-05-07,266.92,0.003383
2018-05-08,266.92,0
2018-05-09,269.5,0.009666
2018-05-10,272.02,0.009351
2018-05-11,272.85,0.003051
2018-05-14,272.98,0.000476
2018-05-15,271.1,-0.006887
2018-05-16,272.24,0.004205
2018-05-17,272.01,-0.000845
2018-05-18,271.33,-0.0025
2018-05-21,273.37,0.007519
2018-05-22,272.61,-0.00278
2018-05-23,273.36,0.002751
2018-05-24,272.8,-0.002049
2018-05-25,272.15,-0.002383
2018-05-29,269.02,-0.011501
2018-05-30,272.61,0.013345
2018-05-31,270.94,-0.006126
2018-06-01,273.6,0.009818
2018-06-04,274.9,0.004751
2018-06-05,275.1,0.000728
2018-06-06,277.4,0.008361
2018-06-07,277.37,-0.000108
2018-06-08,278.19,0.002956
2018-06-11,278.56,0.00133
2018-06-12,278.92,0.001292
2018-06-13,278.03,-0.003191
2018-06-14,278.73,0.002518
2018-06-15,277.13,-0.001272
2018-06-18,276.56,-0.002057
2018-06-19,275.5,-0.003833
2018-06-20,275.97,0.001706
2018-06-21,274.24,-0.006269
2018-06-22,274.74,0.001823
2018-06-25,271,-0.013613
2018-06-26,271.6,0.002214
2018-06-27,269.35,-0.008284
2018-06-28,270.89,0.005718
2018-06-29,271.28,0.00144
2018-07-02,271.86,0.002138
2018-07-03,270.9,-0.003531
2018-07-05,273.11,0.008158
2018-07-06,275.42,0.008458
2018-07-09,277.9,0.009004
2018-07-10,278.9,0.003598
2018-07-11,276.86,-0.007314
2018-07-12,279.37,0.009066
2018-07-13,279.59,0.000787
2018-07-16,279.34,-0.000894
2018-07-17,280.47,0.004045
2018-07-18,281.06,0.002104
2018-07-19,280,-0.003771
2018-07-20,279.68,-0.001143
2018-07-23,280.2,0.001859
2018-07-24,281.61,0.005032
2018-07-25,284.01,0.008523
2018-07-26,283.34,-0.002359
2018-07-27,281.42,-0.006776
2018-07-30,279.95,-0.005224
2018-07-31,281.33,0.004929
2018-08-01,280.86,-0.001671
2018-08-02,282.39,0.005448
2018-08-03,283.6,0.004285
2018-08-06,284.64,0.003667
2018-08-07,285.58,0.003302
2018-08-08,285.46,-0.00042
2018-08-09,285.07,-0.001366
2018-08-10,283.16,-0.0067
2018-08-13,282.1,-0.003743
2018-08-14,283.9,0.006381
2018-08-15,281.78,-0.007467
2018-08-16,284.06,0.008091
2018-08-17,285.06,0.00352
2018-08-20,285.67,0.00214
2018-08-21,286.34,0.002345
2018-08-22,286.17,-0.000594
2018-08-23,285.79,-0.001328
2018-08-24,287.51,0.006018
2018-08-27,289.78,0.007895
2018-08-28,289.92,0.000483
2018-08-29,291.48,0.005381
2018-08-30,290.3,-0.004048
2018-08-31,290.31,3.4e-05
2018-09-04,289.81,-0.001722
2018-09-05,289.03,-0.002691
2018-09-06,288.16,-0.00301
2018-09-07,287.6,-0.001943
2018-09-10,288.1,0.001739
2018-09-11,289.05,0.003297
2018-09-12,289.12,0.000242
2018-09-13,290.83,0.005914
2018-09-14,290.88,0.000172
2018-09-17,289.34,-0.005294
2018-09-18,290.91,0.005426
2018-09-19,291.22,0.001066
2018-09-20,293.58,0.008104
2018-09-21,291.99,-0.000911
2018-09-24,291.02,-0.003322
2018-09-25,290.75,-0.000928
2018-09-26,289.88,-0.002992
2018-09-27,290.69,0.002794
2018-09-28,290.72,0.000103
2018-10-01,291.73,0.003474
2018-10-02,291.56,-0.000583
2018-10-03,291.72,0.000549
2018-10-04,289.44,-0.007816
2018-10-05,287.82,-0.005597
2018-10-08,287.82,0
2018-10-09,287.4,-0.001459
2018-10-10,278.3,-0.031663
2018-10-11,272.17,-0.022027
2018-10-12,275.95,0.013888
2018-10-15,274.4,-0.005617
2018-10-16,280.4,0.021866
2018-10-17,280.45,0.000178
2018-10-18,276.4,-0.014441
2018-10-19,276.25,-0.000543
2018-10-22,275.01,-0.004489
2018-10-23,273.61,-0.005091
2018-10-24,265.32,-0.030299
2018-10-25,270.08,0.017941
2018-10-26,265.33,-0.017587
2018-10-29,263.86,-0.00554
2018-10-30,267.77,0.014818
2018-10-31,270.63,0.010681
2018-11-01,273.51,0.010642
2018-11-02,271.89,-0.005923
2018-11-05,273.39,0.005517
2018-11-06,275.12,0.006328
2018-11-07,281.01,0.021409
2018-11-08,280.5,-0.001815
2018-11-09,277.76,-0.009768
2018-11-12,272.57,-0.018685
2018-11-13,272.06,-0.001871
2018-11-14,270.2,-0.006837
2018-11-15,273.02,0.010437
2018-11-16,273.73,0.002601
2018-11-19,269.1,-0.016914
2018-11-20,264.12,-0.018506
2018-11-21,265.02,0.003408
2018-11-23,263.25,-0.006679
2018-11-26,267.5,0.016144
2018-11-27,268.4,0.003364
2018-11-28,274.58,0.023025
2018-11-29,273.98,-0.002185
2018-11-30,275.65,0.006095
2018-12-03,279.3,0.013241
2018-12-04,270.25,-0.032402
2018-12-06,269.84,-0.001517
2018-12-07,263.57,-0.023236
2018-12-10,264.07,0.001897
2018-12-11,264.13,0.000227
2018-12-12,265.46,0.005035
2018-12-13,265.37,-0.000339
2018-12-14,260.47,-0.018465
2018-12-17,255.36,-0.019618
2018-12-18,255.08,-0.001096
2018-12-19,251.26,-0.014976
2018-12-20,247.17,-0.016278
2018-12-21,240.7,-0.020369
2018-12-24,234.34,-0.026423
2018-12-26,246.18,0.050525
2018-12-27,248.07,0.007677
2018-12-28,247.75,-0.00129
2018-12-31,249.92,0.008759
2019-01-02,250.18,0.00104
2019-01-03,244.21,-0.023863
2019-01-04,252.39,0.033496
2019-01-07,254.38,0.007885
2019-01-08,256.77,0.009395
2019-01-09,257.97,0.004673
2019-01-10,258.88,0.003528
2019-01-11,258.98,0.000386
2019-01-14,257.4,-0.006101
2019-01-15,260.35,0.011461
2019-01-16,260.98,0.00242
2019-01-17,262.96,0.007587
2019-01-18,266.46,0.01331
2019-01-22,262.86,-0.01351
2019-01-23,263.41,0.002092
2019-01-24,263.55,0.000531
2019-01-25,265.78,0.008461
2019-01-28,263.76,-0.0076
2019-01-29,263.41,-0.001327
2019-01-30,267.58,0.015831
2019-01-31,269.93,0.008782
2019-02-01,270.06,0.000482
2019-02-04,271.96,0.007035
2019-02-05,273.1,0.004192
2019-02-06,272.74,-0.001318
2019-02-07,270.14,-0.009533
2019-02-08,270.47,0.001222
2019-02-11,270.62,0.000555
2019-02-12,274.1,0.012859
2019-02-13,274.99,0.003247
2019-02-14,274.38,-0.002218
2019-02-15,277.37,0.010897
2019-02-19,277.85,0.001731
2019-02-20,278.41,0.002015
2019-02-21,277.42,-0.003556
2019-02-22,279.14,0.0062
2019-02-25,279.52,0.001361
2019-02-26,279.32,-0.000715
2019-02-27,279.2,-0.00043
2019-02-28,278.68,-0.001863
2019-03-01,280.42,0.006244
2019-03-04,279.4,-0.003637
2019-03-05,279.02,-0.00136
2019-03-06,277.33,-0.006057
2019-03-07,275.01,-0.008365
2019-03-08,274.46,-0.002
2019-03-11,278.44,0.014501
2019-03-12,279.49,0.003771
2019-03-13,281.34,0.006619
2019-03-14,281.16,-0.00064
2019-03-15,281.31,0.004919
2019-03-18,282.33,0.003626
2019-03-19,282.4,0.000248
2019-03-20,281.55,-0.00301
2019-03-21,284.73,0.011295
2019-03-22,279.25,-0.019246
2019-03-25,279.04,-0.000752
2019-03-26,281.12,0.007454
2019-03-27,279.65,-0.005229
2019-03-28,280.71,0.00379
2019-03-29,282.48,0.006306
2019-04-01,285.83,0.011859
2019-04-02,285.97,0.00049
2019-04-03,286.42,0.001574
2019-04-04,287.18,0.002653
2019-04-05,288.57,0.00484
2019-04-08,288.79,0.000762
2019-04-09,287.31,-0.005125
2019-04-10,288.29,0.003411
2019-04-11,288.21,-0.000278
2019-04-12,290.16,0.006766
2019-04-15,289.97,-0.000655
2019-04-16,290.16,0.000655
2019-04-17,289.45,-0.002447
2019-04-18,290.02,0.001969
2019-04-22,290.27,0.000862
2019-04-23,292.88,0.008992
2019-04-24,292.23,-0.002219
2019-04-25,292.05,-0.000616
2019-04-26,293.41,0.004657
2019-04-29,293.87,0.001568
2019-04-30,294.02,0.00051
2019-05-01,291.81,-0.007516
2019-05-02,291.18,-0.002159
2019-05-03,294.03,0.009788
2019-05-06,292.82,-0.004115
2019-05-07,287.93,-0.0167
2019-05-08,287.53,-0.001389
2019-05-09,286.66,-0.003026
2019-05-10,288.1,0.005023
2019-05-13,280.86,-0.02513
2019-05-14,283.4,0.009044
2019-05-15,285.06,0.005857
2019-05-16,287.7,0.009261
2019-05-17,285.84,-0.006465
2019-05-20,283.95,-0.006612
2019-05-21,286.51,0.009016
2019-05-22,285.63,-0.003071
2019-05-23,282.14,-0.012219
2019-05-24,282.78,0.002268
2019-05-28,280.15,-0.009301
2019-05-29,278.27,-0.006711
2019-05-30,279.03,0.002731
2019-05-31,275.27,-0.013475
2019-06-03,274.57,-0.002543
2019-06-04,280.53,0.021707
2019-06-05,282.96,0.008662
2019-06-06,284.8,0.006503
2019-06-07,287.65,0.010007
2019-06-10,288.97,0.004589
2019-06-11,288.9,-0.000242
2019-06-12,288.39,-0.001765
2019-06-13,289.58,0.004126
2019-06-14,289.26,-0.001105
2019-06-17,289.37,0.00038
2019-06-18,292.4,0.010471
2019-06-19,293.06,0.002257
2019-06-20,295.86,0.009554
2019-06-21,294,-0.001448
2019-06-24,293.64,-0.001224
2019-06-25,290.76,-0.009808
2019-06-26,290.47,-0.000997
2019-06-27,291.5,0.003546
2019-06-28,293,0.005146
2019-07-01,295.66,0.009079
2019-07-02,296.43,0.002604
2019-07-03,298.8,0.007995
2019-07-05,298.46,-0.001138
2019-07-08,296.82,-0.005495
2019-07-09,297.19,0.001247
2019-07-10,298.61,0.004778
2019-07-11,299.31,0.002344
2019-07-12,300.65,0.004477
2019-07-15,300.75,0.000333
2019-07-16,299.71,-0.003458
2019-07-17,297.74,-0.006573
2019-07-18,298.83,0.003661
2019-07-19,297.17,-0.005555
2019-07-22,297.9,0.002456
2019-07-23,300.03,0.00715
2019-07-24,301.44,0.0047
2019-07-25,300,-0.004777
2019-07-26,302.01,0.0067
2019-07-29,301.46,-0.001821
2019-07-30,300.72,-0.002455
2019-07-31,297.43,-0.01094
2019-08-01,294.84,-0.008708
2019-08-02,292.62,-0.00753
2019-08-05,283.82,-0.030073
2019-08-06,287.8,0.014023
2019-08-07,287.97,0.000591
2019-08-08,293.62,0.01962
2019-08-09,291.62,-0.006812
2019-08-12,288.07,-0.012173
2019-08-13,292.55,0.015552
2019-08-14,283.9,-0.029568
2019-08-15,284.65,0.002642
2019-08-16,288.85,0.014755
2019-08-19,292.33,0.012048
2019-08-20,290.09,-0.007663
2019-08-21,292.45,0.008135
2019-08-22,292.36,-0.000308
2019-08-23,284.85,-0.025687
2019-08-26,288,0.011058
2019-08-27,286.87,-0.003924
2019-08-28,288.89,0.007042
2019-08-29,292.58,0.012773
2019-08-30,292.45,-0.000444
2019-09-03,290.74,-0.005847
2019-09-04,294.04,0.01135
2019-09-05,297.82,0.012855
2019-09-06,298.05,0.000772
2019-09-09,298.2,0.000503
2019-09-10,298.13,-0.000235
2019-09-11,300.25,0.007111
2019-09-12,301.29,0.003464
2019-09-13,301.09,-0.000664
2019-09-16,300.16,-0.003089
2019-09-17,300.92,0.002532
2019-09-18,301.1,0.000598
2019-09-19,301.08,-6.6e-05
2019-09-20,298.28,-0.004704
2019-09-23,298.21,-0.000235
2019-09-24,295.87,-0.007847
2019-09-25,297.62,0.005915
2019-09-26,297,-0.002083
2019-09-27,295.4,-0.005387
2019-09-30,296.77,0.004638
2019-10-01,293.24,-0.011895
2019-10-02,288.06,-0.017665
2019-10-03,290.42,0.008193
2019-10-04,294.35,0.013532
2019-10-07,293.08,-0.004315
2019-10-08,288.53,-0.015525
2019-10-09,291.27,0.009496
2019-10-10,293.24,0.006763
2019-10-11,296.28,0.010367
2019-10-14,295.95,-0.001114
2019-10-15,298.88,0.0099
2019-10-16,298.4,-0.001606
2019-10-17,299.28,0.002949
2019-10-18,297.97,-0.004377
2019-10-21,299.99,0.006779
2019-10-22,299.01,-0.003267
2019-10-23,299.88,0.00291
2019-10-24,300.37,0.001634
2019-10-25,301.6,0.004095
2019-10-28,303.3,0.005637
2019-10-29,303.21,-0.000297
2019-10-30,304.14,0.003067
2019-10-31,303.33,-0.002663
2019-11-01,306.14,0.009264
2019-11-04,307.37,0.004018
2019-11-05,307.03,-0.001106
2019-11-06,307.1,0.000228
2019-11-07,308.18,0.003517
2019-11-08,308.94,0.002466
2019-11-11,308.35,-0.00191
2019-11-12,309,0.002108
2019-11-13,309.1,0.000324
2019-11-14,309.55,0.001456
2019-11-15,311.79,0.007236
2019-11-18,312.02,0.000738
2019-11-19,311.93,-0.000288
2019-11-20,310.77,-0.003719
2019-11-21,310.27,-0.001609
2019-11-22,310.96,0.002224
2019-11-25,313.37,0.00775
2019-11-26,314.08,0.002266
2019-11-27,315.48,0.004458
2019-11-29,314.31,-0.003709
2019-12-02,311.64,-0.008495
2019-12-03,309.55,-0.006707
2019-12-04,311.46,0.00617
2019-12-05,312.02,0.001798
2019-12-06,314.87,0.009134
2019-12-09,313.88,-0.003144
2019-12-10,313.53,-0.001115
2019-12-11,314.42,0.002839
2019-12-12,317.13,0.008619
2019-12-13,317.32,0.000599
2019-12-16,319.5,0.00687
2019-12-17,319.57,0.000219
2019-12-18,319.59,6.3e-05
2019-12-19,320.9,0.004099
2019-12-20,320.73,0.004363
2019-12-23,321.22,0.001528
2019-12-24,321.23,3.1e-05
2019-12-26,322.94,0.005323
2019-12-27,322.86,-0.000248
2019-12-30,321.08,-0.005513
2019-12-31,321.86,0.002429
2020-01-02,324.87,0.009352
2020-01-03,322.41,-0.007572
2020-01-06,323.64,0.003815
2020-01-07,322.73,-0.002812
2020-01-08,324.45,0.00533
2020-01-09,326.65,0.006781
2020-01-10,325.71,-0.002878
2020-01-13,327.95,0.006877
2020-01-14,327.45,-0.001525
2020-01-15,328.19,0.00226
2020-01-16,330.92,0.008318
2020-01-17,331.95,0.003113
2020-01-21,331.3,-0.001958
2020-01-22,331.34,0.000121
2020-01-23,331.72,0.001147
2020-01-24,328.77,-0.008893
2020-01-27,323.5,-0.016029
2020-01-28,326.89,0.010479
2020-01-29,326.62,-0.000826
2020-01-30,327.68,0.003245
2020-01-31,321.73,-0.018158
2020-02-03,324.12,0.007429
2020-02-04,329.06,0.015241
2020-02-05,332.86,0.011548
2020-02-06,333.98,0.003365
2020-02-07,332.2,-0.00533
2020-02-10,334.68,0.007465
2020-02-11,335.26,0.001733
2020-02-12,337.42,0.006443
2020-02-13,337.06,-0.001067
2020-02-14,337.6,0.001602
2020-02-18,336.73,-0.002577
2020-02-19,338.34,0.004781
2020-02-20,336.95,-0.004108
2020-02-21,333.48,-0.010298
2020-02-24,322.42,-0.033165
2020-02-25,312.65,-0.030302
2020-02-26,311.5,-0.003678
2020-02-27,297.51,-0.044912
2020-02-28,296.26,-0.004202
2020-03-02,309.09,0.043307
2020-03-03,300.24,-0.028632
2020-03-04,312.86,0.042033
2020-03-05,302.46,-0.033242
2020-03-06,297.46,-0.016531
2020-03-09,274.23,-0.078094
2020-03-10,288.42,0.051745
2020-03-11,274.36,-0.048748
2020-03-12,248.11,-0.095677
2020-03-13,269.32,0.085486
2020-03-16,239.85,-0.109424
2020-03-17,252.8,0.053992
2020-03-18,240,-0.050633
2020-03-19,240.51,0.002125
2020-03-20,228.8,-0.042844
2020-03-23,222.95,-0.025568
2020-03-24,243.15,0.090603
2020-03-25,246.79,0.01497
2020-03-26,261.2,0.05839
2020-03-27,253.42,-0.029786
2020-03-30,261.65,0.032476
2020-03-31,257.75,-0.014905
2020-04-01,246.15,-0.045005
2020-04-02,251.83,0.023075
2020-04-03,248.19,-0.014454
2020-04-06,264.86,0.067166
2020-04-07,265.13,0.001019
2020-04-08,274.03,0.033568
2020-04-09,278.2,0.015217
2020-04-13,275.66,-0.00913
2020-04-14,283.79,0.029493
2020-04-15,277.76,-0.021248
2020-04-16,279.1,0.004824
2020-04-17,286.64,0.027015
2020-04-20,281.59,-0.017618
2020-04-21,273.04,-0.030363
2020-04-22,279.1,0.022195
2020-04-23,279.08,-7.2e-05
2020-04-24,282.97,0.013939
2020-04-27,287.05,0.014418
2020-04-28,285.73,-0.004598
2020-04-29,293.21,0.026178
2020-04-30,290.48,-0.009311
2020-05-01,282.79,-0.026473
2020-05-04,283.57,0.002758
2020-05-05,286.19,0.009239
2020-05-06,284.25,-0.006779
2020-05-07,287.68,0.012067
2020-05-08,292.44,0.016546
2020-05-11,292.5,0.000205
2020-05-12,286.67,-0.019932
2020-05-13,281.6,-0.017686
2020-05-14,284.97,0.011967
2020-05-15,286.28,0.004597
2020-05-18,295,0.03046
2020-05-19,291.97,-0.010271
2020-05-20,296.93,0.016988
2020-05-21,294.88,-0.006904
2020-05-22,295.44,0.001899
2020-05-26,299.08,0.012321
2020-05-27,303.53,0.014879
2020-05-28,302.97,-0.001845
2020-05-29,304.32,0.004456
2020-06-01,305.55,0.004042
2020-06-02,308.08,0.00828
2020-06-03,312.18,0.013308
2020-06-04,311.36,-0.002627
2020-06-05,319.34,0.02563
2020-06-08,323.2,0.012087
2020-06-09,320.79,-0.007457
2020-06-10,319,-0.00558
2020-06-11,300.61,-0.057649
2020-06-12,304.21,0.011976
2020-06-15,307.05,0.009336
2020-06-16,312.96,0.019248
2020-06-17,311.66,-0.004154
2020-06-18,311.78,0.000385
2020-06-19,308.64,-0.005689
2020-06-22,310.62,0.006415
2020-06-23,312.05,0.004604
2020-06-24,304.09,-0.025509
2020-06-25,307.35,0.010721
2020-06-26,300.05,-0.023751
2020-06-29,304.46,0.014698
2020-06-30,308.36,0.01281
2020-07-01,310.52,0.007005
2020-07-02,312.23,0.005507
2020-07-06,317.05,0.015437
2020-07-07,313.78,-0.010314
2020-07-08,316.18,0.007649
2020-07-09,314.38,-0.005693
2020-07-10,317.59,0.010211
2020-07-13,314.84,-0.008659
2020-07-14,318.92,0.012959
2020-07-15,321.85,0.009187
2020-07-16,320.79,-0.003293
2020-07-17,321.72,0.002899
2020-07-20,324.32,0.008082
2020-07-21,325.01,0.002128
2020-07-22,326.86,0.005692
2020-07-23,322.96,-0.011932
2020-07-24,320.88,-0.00644
2020-07-27,323.22,0.007292
2020-07-28,321.17,-0.006342
2020-07-29,325.12,0.012299
2020-07-30,323.96,-0.003568
2020-07-31,326.52,0.007902
2020-08-03,328.79,0.006952
2020-08-04,330.06,0.003863
2020-08-05,332.11,0.006211
2020-08-06,334.33,0.006685
2020-08-07,334.57,0.000718
2020-08-10,335.57,0.002989
2020-08-11,332.8,-0.008255
2020-08-12,337.44,0.013942
2020-08-13,336.83,-0.001808
2020-08-14,336.84,3e-05
2020-08-17,337.91,0.003177
2020-08-18,338.64,0.00216
2020-08-19,337.23,-0.004164
2020-08-20,338.28,0.003114
2020-08-21,339.48,0.003547
2020-08-24,342.92,0.010133
2020-08-25,344.12,0.003499
2020-08-26,347.57,0.010026
2020-08-27,348.33,0.002187
2020-08-28,350.58,0.006459
2020-08-31,349.31,-0.003623
2020-09-01,352.6,0.009419
2020-09-02,357.7,0.014464
2020-09-03,345.39,-0.034414
2020-09-04,342.57,-0.008165
2020-09-08,333.21,-0.027323
2020-09-09,339.79,0.019747
2020-09-10,333.89,-0.017364
2020-09-11,334.06,0.000509
2020-09-14,338.46,0.013171
2020-09-15,340.17,0.005052
2020-09-16,338.82,-0.003969
2020-09-17,335.84,-0.008795
2020-09-18,330.65,-0.011466
2020-09-21,326.97,-0.01113
2020-09-22,330.3,0.010184
2020-09-23,322.64,-0.023191
2020-09-24,323.5,0.002665
2020-09-25,328.73,0.016167
2020-09-28,334.19,0.016609
2020-09-29,332.37,-0.005446
2020-09-30,334.89,0.007582
2020-10-01,337.04,0.00642
2020-10-02,333.84,-0.009494
2020-10-05,339.76,0.017733
2020-10-06,334.93,-0.014216
2020-10-07,340.76,0.017407
2020-10-08,343.78,0.008863
2020-10-09,346.85,0.00893
2020-10-12,352.43,0.016088
2020-10-13,350.13,-0.006526
2020-10-14,347.93,-0.006283
2020-10-15,347.5,-0.001236
2020-10-16,347.29,-0.000604
2020-10-19,342.01,-0.015203
2020-10-20,343.38,0.004006
2020-10-21,342.73,-0.001893
2020-10-22,344.61,0.005485
2020-10-23,345.78,0.003395
2020-10-26,339.39,-0.01848
2020-10-27,338.22,-0.003447
2020-10-28,326.66,-0.034179
2020-10-29,329.98,0.010164
2020-10-30,326.54,-0.010425
2020-11-02,330.2,0.011208
2020-11-03,336.03,0.017656
2020-11-04,343.54,0.022349
2020-11-05,350.24,0.019503
2020-11-06,350.16,-0.000228
2020-11-09,354.56,0.012566
2020-11-10,354.04,-0.001467
2020-11-11,356.67,0.007429
2020-11-12,353.21,-0.009701
2020-11-13,358.1,0.013844
2020-11-16,362.57,0.012483
2020-11-17,360.62,-0.005378
2020-11-18,356.28,-0.012035
2020-11-19,357.78,0.00421
2020-11-20,355.33,-0.006848
2020-11-23,357.46,0.005994
2020-11-24,363.22,0.016114
2020-11-25,362.66,-0.001542
2020-11-27,363.67,0.002785
2020-11-30,362.06,-0.004427
2020-12-01,366.02,0.010937
2020-12-02,366.79,0.002104
2020-12-03,366.69,-0.000273
2020-12-04,369.85,0.008618
2020-12-07,369.09,-0.002055
2020-12-08,370.17,0.002926
2020-12-09,366.85,-0.008969
2020-12-10,366.73,-0.000327
2020-12-11,366.3,-0.001173
2020-12-14,364.66,-0.004477
2020-12-15,369.59,0.013519
2020-12-16,370.17,0.001569
2020-12-17,372.24,0.005592
2020-12-18,369.18,-0.003976
2020-12-21,367.86,-0.003576
2020-12-22,367.24,-0.001685
2020-12-23,367.57,0.000899
2020-12-24,369,0.00389
2020-12-28,372.17,0.008591
2020-12-29,371.46,-0.001908
2020-12-30,371.99,0.001427
2020-12-31,373.88,0.005081
2021-01-04,368.79,-0.013614
2021-01-05,371.33,0.006887
2021-01-06,373.55,0.005979
2021-01-07,379.1,0.014857
2021-01-08,381.26,0.005698
2021-01-11,378.69,-0.006741
2021-01-12,378.77,0.000211
2021-01-13,379.79,0.002693
2021-01-14,378.46,-0.003502
2021-01-15,375.7,-0.007293
2021-01-19,378.65,0.007852
2021-01-20,383.89,0.013839
2021-01-21,384.24,0.000912
2021-01-22,382.88,-0.003539
2021-01-25,384.39,0.003944
2021-01-26,383.79,-0.001561
2021-01-27,374.41,-0.02444
2021-01-28,377.63,0.0086
2021-01-29,370.07,-0.02002
2021-02-01,376.23,0.016646
2021-02-02,381.55,0.01414
2021-02-03,381.85,0.000786
2021-02-04,386.19,0.011366
2021-02-05,387.71,0.003936
2021-02-08,390.51,0.007222
2021-02-09,390.25,-0.000666
2021-02-10,390.08,-0.000436
2021-02-11,390.71,0.001615
2021-02-12,392.64,0.00494
2021-02-16,392.3,-0.000866
2021-02-17,392.39,0.000229
2021-02-18,390.72,-0.004256
2021-02-19,390.03,-0.001766
2021-02-22,387.03,-0.007692
2021-02-23,387.5,0.001214
2021-02-24,391.77,0.011019
2021-02-25,382.33,-0.024096
2021-02-26,380.36,-0.005153
2021-03-01,389.58,0.02424
2021-03-02,386.54,-0.007803
2021-03-03,381.42,-0.013246
2021-03-04,376.7,-0.012375
2021-03-05,383.63,0.018397
2021-03-08,381.72,-0.004979
2021-03-09,387.17,0.014278
2021-03-10,389.58,0.006225
2021-03-11,393.53,0.010139
2021-03-12,394.06,0.001347
2021-03-15,396.41,0.005964
2021-03-16,395.91,-0.001261
2021-03-17,397.26,0.00341
2021-03-18,391.48,-0.01455
2021-03-19,389.48,-0.001845
2021-03-22,392.59,0.007985
2021-03-23,389.5,-0.007871
2021-03-24,387.52,-0.005083
2021-03-25,389.7,0.005626
2021-03-26,395.98,0.016115
2021-03-29,395.78,-0.000505
2021-03-30,394.73,-0.002653
2021-03-31,396.33,0.004053
2021-04-01,400.61,0.010799
2021-04-05,406.36,0.014353
2021-04-06,406.12,-0.000591
2021-04-07,406.59,0.001157
2021-04-08,408.52,0.004747
2021-04-09,411.49,0.00727
2021-04-12,411.64,0.000365
2021-04-13,412.86,0.002964
2021-04-14,411.45,-0.003415
2021-04-15,415.87,0.010742
2021-04-16,417.26,0.003342
2021-04-19,415.21,-0.004913
2021-04-20,412.17,-0.007322
2021-04-21,416.07,0.009462
2021-04-22,412.27,-0.009133
2021-04-23,416.74,0.010842
2021-04-26,417.61,0.002088
2021-04-27,417.52,-0.000216
2021-04-28,417.4,-0.000287
2021-04-29,420.06,0.006373
2021-04-30,417.3,-0.006571
2021-05-03,418.2,0.002157
2021-05-04,415.62,-0.006169
2021-05-05,415.75,0.000313
2021-05-06,419.07,0.007986
2021-05-07,422.12,0.007278
2021-05-10,417.94,-0.009902
2021-05-11,414.21,-0.008925
2021-05-12,405.41,-0.021245
2021-05-13,410.28,0.012013
2021-05-14,416.58,0.015355
2021-05-17,415.52,-0.002545
2021-05-18,411.94,-0.008616
2021-05-19,410.86,-0.002622
2021-05-20,415.28,0.010758
2021-05-21,414.94,-0.000819
2021-05-24,419.17,0.010194
2021-05-25,418.24,-0.002219
2021-05-26,419.07,0.001985
2021-05-27,419.29,0.000525
2021-05-28,420.04,0.001789
2021-06-01,419.67,-0.000881
2021-06-02,420.33,0.001573
2021-06-03,418.77,-0.003711
2021-06-04,422.6,0.009146
2021-06-07,422.19,-0.00097
2021-06-08,422.28,0.000213
2021-06-09,421.65,-0.001492
2021-06-10,423.61,0.004648
2021-06-11,424.31,0.001652
2021-06-14,425.26,0.002239
2021-06-15,424.48,-0.001834
2021-06-16,422.11,-0.005583
2021-06-17,421.97,-0.000332
2021-06-18,414.92,-0.013447
2021-06-21,420.86,0.014316
2021-06-22,423.11,0.005346
2021-06-23,422.6,-0.001205
2021-06-24,425.1,0.005916
2021-06-25,426.61,0.003552
2021-06-28,427.47,0.002016
2021-06-29,427.7,0.000538
2021-06-30,428.06,0.000842
2021-07-01,430.43,0.005537
2021-07-02,433.72,0.007644
2021-07-06,432.93,-0.001821
2021-07-07,434.46,0.003534
2021-07-08,430.92,-0.008148
2021-07-09,435.52,0.010675
2021-07-12,437.08,0.003582
2021-07-13,435.59,-0.003409
2021-07-14,436.24,0.001492
2021-07-15,434.75,-0.003416
2021-07-16,431.34,-0.007844
2021-07-19,424.97,-0.014768
2021-07-20,431.06,0.01433
2021-07-21,434.55,0.008096
2021-07-22,435.46,0.002094
2021-07-23,439.94,0.010288
2021-07-26,441.02,0.002455
2021-07-27,439.01,-0.004558
2021-07-28,438.83,-0.00041
2021-07-29,440.65,0.004147
2021-07-30,438.51,-0.004856
2021-08-02,437.59,-0.002098
2021-08-03,441.15,0.008135
2021-08-04,438.98,-0.004919
2021-08-05,441.76,0.006333
2021-08-06,442.49,0.001652
2021-08-09,442.13,-0.000814
2021-08-10,442.68,0.001244
2021-08-11,443.78,0.002485
2021-08-12,445.11,0.002997
2021-08-13,445.92,0.00182
2021-08-16,446.97,0.002355
2021-08-17,444.04,-0.006555
2021-08-18,439.18,-0.010945
2021-08-19,439.86,0.001548
2021-08-20,443.36,0.007957
2021-08-23,447.26,0.008797
2021-08-24,447.97,0.001587
2021-08-25,448.91,0.002098
2021-08-26,446.26,-0.005903
2021-08-27,450.25,0.008941
2021-08-30,452.23,0.004398
2021-08-31,451.56,-0.001482
2021-09-01,451.8,0.000531
2021-09-02,453.19,0.003077
2021-09-03,453.08,-0.000243
2021-09-07,451.46,-0.003576
2021-09-08,450.91,-0.001218
2021-09-09,448.98,-0.00428
2021-09-10,445.44,-0.007885
2021-09-13,446.58,0.002559
2021-09-14,444.17,-0.005397
2021-09-15,447.88,0.008353
2021-09-16,447.17,-0.001585
2021-09-17,441.4,-0.00971
2021-09-20,434.04,-0.016674
2021-09-21,433.63,-0.000945
2021-09-22,437.86,0.009755
2021-09-23,443.18,0.01215
2021-09-24,443.91,0.001647
2021-09-27,442.64,-0.002861
2021-09-28,433.72,-0.020152
2021-09-29,434.45,0.001683
2021-09-30,429.14,-0.012222
2021-10-01,434.24,0.011884
2021-10-04,428.64,-0.012896
2021-10-05,433.1,0.010405
2021-10-06,434.9,0.004156
2021-10-07,438.66,0.008646
2021-10-08,437.86,-0.001824
2021-10-11,434.69,-0.00724
2021-10-12,433.62,-0.002462
2021-10-13,435.18,0.003598
2021-10-14,442.5,0.016821
2021-10-15,445.87,0.007616
2021-10-18,447.19,0.002961
2021-10-19,450.64,0.007715
2021-10-20,452.41,0.003928
2021-10-21,453.59,0.002608
2021-10-22,453.12,-0.001036
2021-10-25,455.55,0.005363
2021-10-26,455.96,0.0009
2021-10-27,453.94,-0.00443
2021-10-28,458.32,0.009649
2021-10-29,459.25,0.002029
2021-11-01,460.04,0.00172
2021-11-02,461.9,0.004043
2021-11-03,464.72,0.006105
2021-11-04,466.91,0.004713
2021-11-05,468.53,0.00347
2021-11-08,468.93,0.000854
2021-11-09,467.38,-0.003305
2021-11-10,463.62,-0.008045
2021-11-11,463.77,0.000324
2021-11-12,467.27,0.007547
2021-11-15,467.43,0.000342
2021-11-16,469.28,0.003958
2021-11-17,468.14,-0.002429
2021-11-18,469.73,0.003396
2021-11-19,468.89,-0.001788
2021-11-22,467.57,-0.002815
2021-11-23,468.19,0.001326
2021-11-24,469.44,0.00267
2021-11-26,458.97,-0.022303
2021-11-29,464.6,0.012267
2021-11-30,455.56,-0.019458
2021-12-01,450.5,-0.011107
2021-12-02,457.4,0.015316
2021-12-03,453.42,-0.008701
2021-12-06,458.79,0.011843
2021-12-07,468.28,0.020685
2021-12-08,469.52,0.002648
2021-12-09,466.35,-0.006752
2021-12-10,470.74,0.009413
2021-12-13,466.57,-0.008858
2021-12-14,463.36,-0.00688
2021-12-15,470.6,0.015625
2021-12-16,466.45,-0.008819
2021-12-17,459.87,-0.010605
2021-12-20,454.98,-0.010633
2021-12-21,463.06,0.017759
2021-12-22,467.69,0.009999
2021-12-23,470.6,0.006222
2021-12-27,477.26,0.014152
2021-12-28,476.87,-0.000817
2021-12-29,477.48,0.001279
2021-12-30,476.16,-0.002765
2021-12-31,474.96,-0.00252
2022-01-03,477.71,0.00579
2022-01-04,477.55,-0.000335
2022-01-05,468.38,-0.019202
2022-01-06,467.94,-0.000939
2022-01-07,466.09,-0.003954
2022-01-10,465.51,-0.001244
2022-01-11,469.75,0.009108
2022-01-12,471.02,0.002704
2022-01-13,464.53,-0.013779
2022-01-14,464.72,0.000409
2022-01-18,456.49,-0.01771
2022-01-19,451.75,-0.010384
2022-01-20,446.75,-0.011068
2022-01-21,437.98,-0.019631
2022-01-24,439.84,0.004247
2022-01-25,434.47,-0.012209
2022-01-26,433.38,-0.002509
2022-01-27,431.24,-0.004938
2022-01-28,441.95,0.024835
2022-01-31,449.91,0.018011
2022-02-01,452.95,0.006757
2022-02-02,457.35,0.009714
2022-02-03,446.6,-0.023505
2022-02-04,448.7,0.004702
2022-02-07,447.26,-0.003209
2022-02-08,450.94,0.008228
2022-02-09,457.54,0.014636
2022-02-10,449.32,-0.017966
2022-02-11,440.46,-0.019719
2022-02-14,439.02,-0.003269
2022-02-15,446.1,0.016127
2022-02-16,446.6,0.001121
2022-02-17,437.06,-0.021361
2022-02-18,434.23,-0.006475
2022-02-22,429.57,-0.010732
2022-02-23,421.95,-0.017739
2022-02-24,428.3,0.015049
2022-02-25,437.75,0.022064
2022-02-28,436.63,-0.002559
2022-03-01,429.98,-0.01523
2022-03-02,437.89,0.018396
2022-03-03,435.71,-0.004978
2022-03-04,432.17,-0.008125
2022-03-07,419.43,-0.029479
2022-03-08,416.25,-0.007582
2022-03-09,427.41,0.026811
2022-03-10,425.48,-0.004516
2022-03-11,420.07,-0.012715
2022-03-14,417,-0.007308
2022-03-15,426.17,0.02199
2022-03-16,435.62,0.022174
2022-03-17,441.07,0.012511
2022-03-18,444.52,0.010919
2022-03-21,444.39,-0.000292
2022-03-22,449.59,0.011701
2022-03-23,443.8,-0.012878
2022-03-24,450.49,0.015074
2022-03-25,452.69,0.004884
2022-03-28,455.91,0.007113
2022-03-29,461.55,0.012371
2022-03-30,458.7,-0.006175
2022-03-31,451.64,-0.015391
2022-04-01,452.92,0.002834
2022-04-04,456.8,0.008567
2022-04-05,451.03,-0.012631
2022-04-06,446.52,-0.009999
2022-04-07,448.77,0.005039
2022-04-08,447.57,-0.002674
2022-04-11,439.92,-0.017092
2022-04-12,438.29,-0.003705
2022-04-13,443.31,0.011454
2022-04-14,437.79,-0.012452
2022-04-18,437.97,0.000411
2022-04-19,445.04,0.016143
2022-04-20,444.71,-0.000742
2022-04-21,438.06,-0.014954
2022-04-22,426.04,-0.027439
2022-04-25,428.51,0.005798
2022-04-26,416.1,-0.028961
2022-04-27,417.27,0.002812
2022-04-28,427.81,0.025259
2022-04-29,412,-0.036956
2022-05-02,414.48,0.006019
2022-05-03,416.38,0.004584
2022-05-04,429.06,0.030453
2022-05-05,413.81,-0.035543
2022-05-06,411.34,-0.005969
2022-05-09,398.17,-0.032017
2022-05-10,399.09,0.002311
2022-05-11,392.75,-0.015886
2022-05-12,392.34,-0.001044
2022-05-13,401.72,0.023908
2022-05-16,400.09,-0.004058
2022-05-17,408.32,0.02057
2022-05-18,391.86,-0.040312
2022-05-19,389.46,-0.006125
2022-05-20,389.63,0.000437
2022-05-23,396.92,0.01871
2022-05-24,393.89,-0.007634
2022-05-25,397.37,0.008835
2022-05-26,405.31,0.019981
2022-05-27,415.26,0.024549
2022-05-31,412.93,-0.005611
2022-06-01,409.59,-0.008089
2022-06-02,417.39,0.019043
2022-06-03,410.54,-0.016412
2022-06-06,411.79,0.003045
2022-06-07,415.74,0.009592
2022-06-08,411.22,-0.010872
2022-06-09,401.44,-0.023783
2022-06-10,389.8,-0.028996
2022-06-13,375,-0.037968
2022-06-14,373.87,-0.003013
2022-06-15,379.2,0.014256
2022-06-16,366.65,-0.033096
2022-06-17,365.86,0.002146
2022-06-21,375.07,0.025174
2022-06-22,374.39,-0.001813
2022-06-23,378.06,0.009803
2022-06-24,390.08,0.031794
2022-06-27,388.59,-0.00382
2022-06-28,380.65,-0.020433
2022-06-29,380.34,-0.000814
2022-06-30,377.25,-0.008124
2022-07-01,381.24,0.010577
2022-07-05,381.96,0.001889
2022-07-06,383.25,0.003377
2022-07-07,388.99,0.014977
2022-07-08,388.67,-0.000823
2022-07-11,384.23,-0.011424
2022-07-12,380.83,-0.008849
2022-07-13,378.83,-0.005252
2022-07-14,377.91,-0.002428
2022-07-15,385.13,0.019105
2022-07-18,381.95,-0.008257
2022-07-19,392.27,0.027019
2022-07-20,394.77,0.006373
2022-07-21,398.79,0.010183
2022-07-22,395.09,-0.009278
2022-07-25,395.57,0.001215
2022-07-26,390.89,-0.011831
2022-07-27,401.04,0.025966
2022-07-28,406.07,0.012542
2022-07-29,411.99,0.014579
2022-08-01,410.77,-0.002961
2022-08-02,408.06,-0.006597
2022-08-03,414.45,0.01566
2022-08-04,414.17,-0.000676
2022-08-05,413.47,-0.00169
2022-08-08,412.99,-0.001161
2022-08-09,411.35,-0.003971
2022-08-10,419.99,0.021004
2022-08-11,419.99,0
2022-08-12,427.1,0.016929
2022-08-15,428.86,0.004121
2022-08-16,429.7,0.001959
2022-08-17,426.65,-0.007098
2022-08-18,427.89,0.002906
2022-08-19,422.14,-0.013438
2022-08-22,413.35,-0.020823
2022-08-23,412.35,-0.002419
2022-08-24,413.67,0.003201
2022-08-25,419.51,0.014118
2022-08-26,405.31,-0.033849
2022-08-29,402.63,-0.006612
2022-08-30,398.21,-0.010978
2022-08-31,395.18,-0.007609
2022-09-01,396.42,0.003138
2022-09-02,392.24,-0.010544
2022-09-06,390.76,-0.003773
2022-09-07,397.78,0.017965
2022-09-08,400.38,0.006536
2022-09-09,406.6,0.015535
2022-09-12,410.97,0.010748
2022-09-13,393.1,-0.043482
2022-09-14,394.6,0.003816
2022-09-15,390.12,-0.011353
2022-09-16,385.56,-0.007597
2022-09-19,388.55,0.007755
2022-09-20,384.09,-0.011479
2022-09-21,377.39,-0.017444
2022-09-22,374.22,-0.0084
2022-09-23,367.95,-0.016755
2022-09-26,364.31,-0.009893
2022-09-27,363.38,-0.002553
2022-09-28,370.53,0.019676
2022-09-29,362.79,-0.020889
2022-09-30,357.18,-0.015464
2022-10-03,366.61,0.026401
2022-10-04,377.97,0.030987
2022-10-05,377.09,-0.002328
2022-10-06,373.2,-0.010316
2022-10-07,362.79,-0.027894
2022-10-10,360.02,-0.007635
2022-10-11,357.74,-0.006333
2022-10-12,356.56,-0.003298
2022-10-13,365.97,0.026391
2022-10-14,357.63,-0.022789
2022-10-17,366.82,0.025697
2022-10-18,371.13,0.01175
2022-10-19,368.5,-0.007086
2022-10-20,365.41,-0.008385
2022-10-21,374.29,0.024301
2022-10-24,378.87,0.012236
2022-10-25,384.92,0.015969
2022-10-26,382.02,-0.007534
2022-10-27,379.98,-0.00534
2022-10-28,389.02,0.023791
2022-10-31,386.21,-0.007223
2022-11-01,384.52,-0.004376
2022-11-02,374.87,-0.025096
2022-11-03,371.01,-0.010297
2022-11-04,376.35,0.014393
2022-11-07,379.95,0.009566
2022-11-08,382,0.005395
2022-11-09,374.13,-0.020602
2022-11-10,394.69,0.054954
2022-11-11,398.51,0.009679
2022-11-14,395.12,-0.008507
2022-11-15,398.49,0.008529
2022-11-16,395.45,-0.007629
2022-11-17,394.24,-0.00306
2022-11-18,396.03,0.00454
2022-11-21,394.59,-0.003636
2022-11-22,399.9,0.013457
2022-11-23,402.42,0.006302
2022-11-25,402.33,-0.000224
2022-11-28,395.91,-0.015957
2022-11-29,395.23,-0.001718
2022-11-30,407.68,0.031501
2022-12-01,407.38,-0.000736
2022-12-02,406.91,-0.001154
2022-12-05,399.59,-0.017989
2022-12-06,393.83,-0.014415
2022-12-07,393.16,-0.001701
2022-12-08,396.24,0.007834
2022-12-09,393.28,-0.00747
2022-12-12,398.95,0.014417
2022-12-13,401.97,0.00757
2022-12-14,399.4,-0.006394
2022-12-15,389.63,-0.024462
2022-12-16,383.27,-0.011751
2022-12-19,380.02,-0.00848
2022-12-20,380.54,0.001368
2022-12-21,386.23,0.014952
2022-12-22,380.72,-0.014266
2022-12-23,382.91,0.005752
2022-12-27,381.4,-0.003944
2022-12-28,376.66,-0.012428
2022-12-29,383.44,0.018
2022-12-30,382.43,-0.002634
2023-01-03,380.82,-0.00421
2023-01-04,383.76,0.00772
2023-01-05,379.38,-0.011413
2023-01-06,388.08,0.022932
2023-01-09,387.86,-0.000567
2023-01-10,390.58,0.007013
2023-01-11,395.52,0.012648
2023-01-12,396.96,0.003641
2023-01-13,398.5,0.00388
2023-01-17,397.77,-0.001832
2023-01-18,391.49,-0.015788
2023-01-19,388.64,-0.00728
2023-01-20,395.88,0.018629
2023-01-23,400.63,0.011999
2023-01-24,400.2,-0.001073
2023-01-25,400.35,0.000375
2023-01-26,404.75,0.01099
2023-01-27,405.68,0.002298
2023-01-30,400.59,-0.012547
2023-01-31,406.48,0.014703
2023-02-01,410.8,0.010628
2023-02-02,416.78,0.014557
2023-02-03,412.35,-0.010629
2023-02-06,409.83,-0.006111
2023-02-07,415.19,0.013079
2023-02-08,410.65,-0.010935
2023-02-09,407.09,-0.008669
2023-02-10,408.04,0.002334
2023-02-13,412.83,0.011739
2023-02-14,412.64,-0.00046
2023-02-15,413.98,0.003247
2023-02-16,408.28,-0.013769
2023-02-17,407.26,-0.002498
2023-02-21,399.09,-0.020061
2023-02-22,398.54,-0.001378
2023-02-23,400.66,0.005319
2023-02-24,396.38,-0.010682
2023-02-27,397.73,0.003406
2023-02-28,396.26,-0.003696
2023-03-01,394.74,-0.003836
2023-03-02,397.81,0.007777
2023-03-03,404.19,0.016038
2023-03-06,404.47,0.000693
2023-03-07,398.27,-0.015329
2023-03-08,398.92,0.001632
2023-03-09,391.56,-0.01845
2023-03-10,385.91,-0.014429
2023-03-13,385.36,-0.001425
2023-03-14,391.73,0.01653
2023-03-15,389.28,-0.006254
2023-03-16,396.11,0.017545
2023-03-17,389.99,-0.011648
2023-03-20,393.74,0.009616
2023-03-21,398.91,0.013131
2023-03-22,392.11,-0.017046
2023-03-23,393.17,0.002703
2023-03-24,395.75,0.006562
2023-03-27,396.49,0.00187
2023-03-28,395.6,-0.002245
2023-03-29,401.35,0.014535
2023-03-30,403.7,0.005855
2023-03-31,409.39,0.014095
2023-04-03,410.95,0.003811
2023-04-04,408.67,-0.005548
2023-04-05,407.6,-0.002618
2023-04-06,409.19,0.003901
2023-04-10,409.61,0.001026
2023-04-11,409.72,0.000269
2023-04-12,408.05,-0.004076
2023-04-13,413.47,0.013283
2023-04-14,412.46,-0.002443
2023-04-17,413.94,0.003588
2023-04-18,414.21,0.000652
2023-04-19,414.14,-0.000169
2023-04-20,411.88,-0.005457
2023-04-21,412.2,0.000777
2023-04-24,412.63,0.001043
2023-04-25,406.08,-0.015874
2023-04-26,404.36,-0.004236
2023-04-27,412.41,0.019908
2023-04-28,415.93,0.008535
2023-05-01,415.51,-0.00101
2023-05-02,410.84,-0.011239
2023-05-03,408.02,-0.006864
2023-05-04,405.13,-0.007083
2023-05-05,412.63,0.018513
2023-05-08,412.74,0.000267
2023-05-09,410.93,-0.004385
2023-05-10,412.85,0.004672
2023-05-11,412.13,-0.001744
2023-05-12,411.59,-0.00131
2023-05-15,413.01,0.00345
2023-05-16,410.25,-0.006683
2023-05-17,415.23,0.012139
2023-05-18,419.23,0.009633
2023-05-19,418.62,-0.001455
2023-05-22,418.79,0.000406
2023-05-23,414.09,-0.011223
2023-05-24,411.09,-0.007245
2023-05-25,414.65,0.00866
2023-05-26,420.02,0.012951
2023-05-30,420.18,0.000381
2023-05-31,417.85,-0.005545
2023-06-01,421.82,0.009501
2023-06-02,427.92,0.014461
2023-06-05,427.1,-0.001916
2023-06-06,428.03,0.002177
2023-06-07,426.55,-0.003458
2023-06-08,429.13,0.006049
2023-06-09,429.9,0.001794
2023-06-12,433.8,0.009072
2023-06-13,436.66,0.006593
2023-06-14,437.18,0.001191
2023-06-15,442.6,0.012398
2023-06-16,439.46,-0.003393
2023-06-20,437.18,-0.005188
2023-06-21,434.94,-0.005124
2023-06-22,436.51,0.00361
2023-06-23,433.21,-0.00756
2023-06-26,431.44,-0.004086
2023-06-27,436.17,0.010963
2023-06-28,436.39,0.000504
2023-06-29,438.11,0.003941
2023-06-30,443.28,0.011801
2023-07-03,443.79,0.001151
2023-07-05,443.13,-0.001487
2023-07-06,439.66,-0.007831
2023-07-07,438.55,-0.002525
2023-07-10,439.66,0.002531
2023-07-11,442.46,0.006369
2023-07-12,446.02,0.008046
2023-07-13,449.56,0.007937
2023-07-14,449.28,-0.000623
2023-07-17,450.84,0.003472
2023-07-18,454.19,0.007431
2023-07-19,455.2,0.002224
2023-07-20,452.18,-0.006634
2023-07-21,452.18,0
2023-07-24,454.2,0.004467
2023-07-25,455.44,0.00273
2023-07-26,455.51,0.000154
2023-07-27,452.49,-0.00663
2023-07-28,456.92,0.00979
2023-07-31,457.79,0.001904
2023-08-01,456.48,-0.002862
2023-08-02,450.13,-0.013911
2023-08-03,448.84,-0.002866
2023-08-04,446.81,-0.004523
2023-08-07,450.71,0.008729
2023-08-08,448.75,-0.004349
2023-08-09,445.75,-0.006685
2023-08-10,445.91,0.000359
2023-08-11,445.65,-0.000583
2023-08-14,448.11,0.00552
2023-08-15,442.89,-0.011649
2023-08-16,439.64,-0.007338
2023-08-17,436.29,-0.00762
2023-08-18,436.5,0.000481
2023-08-21,439.34,0.006506
2023-08-22,438.15,-0.002709
2023-08-23,443.03,0.011138
2023-08-24,436.89,-0.013859
2023-08-25,439.97,0.00705
2023-08-28,442.76,0.006341
2023-08-29,449.16,0.014455
2023-08-30,451.01,0.004119
2023-08-31,450.35,-0.001463
2023-09-01,451.19,0.001865
2023-09-05,449.24,-0.004322
2023-09-06,446.22,-0.006722
2023-09-07,444.85,-0.00307
2023-09-08,445.52,0.001506
2023-09-11,448.45,0.006577
2023-09-12,445.99,-0.005486
2023-09-13,446.51,0.001166
2023-09-14,450.36,0.008622
2023-09-15,443.37,-0.012006
2023-09-18,443.63,0.000586
2023-09-19,442.71,-0.002074
2023-09-20,438.64,-0.009193
2023-09-21,431.39,-0.016528
2023-09-22,430.42,-0.002249
2023-09-25,432.23,0.004205
2023-09-26,425.88,-0.014691
2023-09-27,426.05,0.000399
2023-09-28,428.52,0.005797
2023-09-29,427.48,-0.002427
2023-10-02,427.31,-0.000398
2023-10-03,421.59,-0.013386
2023-10-04,424.66,0.007282
2023-10-05,424.5,-0.000377
2023-10-06,429.54,0.011873
2023-10-09,432.29,0.006402
2023-10-10,434.54,0.005205
2023-10-11,436.32,0.004096
2023-10-12,433.66,-0.006096
2023-10-13,431.5,-0.004981
2023-10-16,436.04,0.010521
2023-10-17,436.02,-4.6e-05
2023-10-18,430.21,-0.013325
2023-10-19,426.43,-0.008786
2023-10-20,421.19,-0.012288
2023-10-23,420.46,-0.001733
2023-10-24,423.63,0.007539
2023-10-25,417.55,-0.014352
2023-10-26,412.55,-0.011975
2023-10-27,410.68,-0.004533
2023-10-30,415.59,0.011956
2023-10-31,418.2,0.00628
2023-11-01,422.66,0.010665
2023-11-02,430.76,0.019164
2023-11-03,434.69,0.009123
2023-11-06,435.69,0.0023
2023-11-07,436.93,0.002846
2023-11-08,437.25,0.000732
2023-11-09,433.84,-0.007799
2023-11-10,440.61,0.015605
2023-11-13,440.19,-0.000953
2023-11-14,448.73,0.019401
2023-11-15,449.68,0.002117
2023-11-16,450.23,0.001223
2023-11-17,450.79,0.001244
2023-11-20,454.26,0.007698
2023-11-21,453.27,-0.002179
2023-11-22,455.02,0.003861
2023-11-24,455.3,0.000615
2023-11-27,454.48,-0.001801
2023-11-28,454.93,0.00099
2023-11-29,454.61,-0.000703
2023-11-30,456.4,0.003937
2023-12-01,459.1,0.005916
2023-12-04,456.69,-0.005249
2023-12-05,456.6,-0.000197
2023-12-06,454.76,-0.00403
2023-12-07,458.23,0.00763
2023-12-08,460.2,0.004299
2023-12-11,461.99,0.00389
2023-12-12,464.1,0.004567
2023-12-13,470.5,0.01379
2023-12-14,472.01,0.003209
2023-12-15,469.33,-0.00164
2023-12-18,471.97,0.005625
2023-12-19,474.84,0.006081
2023-12-20,468.26,-0.013857
2023-12-21,472.7,0.009482
2023-12-22,473.65,0.00201
2023-12-26,475.65,0.004223
2023-12-27,476.51,0.001808
2023-12-28,476.69,0.000378
2023-12-29,475.31,-0.002895
2024-01-02,472.65,-0.005596
2024-01-03,468.79,-0.008167
2024-01-04,467.28,-0.003221
2024-01-05,467.92,0.00137
2024-01-08,474.6,0.014276
2024-01-09,473.88,-0.001517
2024-01-10,476.56,0.005655
2024-01-11,476.35,-0.000441
2024-01-12,476.68,0.000693
2024-01-16,474.93,-0.003671
2024-01-17,472.29,-0.005559
2024-01-18,476.49,0.008893
2024-01-19,482.43,0.012466
2024-01-22,483.45,0.002114
2024-01-23,484.86,0.002916
2024-01-24,485.39,0.001093
2024-01-25,488.03,0.005439
2024-01-26,487.41,-0.00127
2024-01-29,491.27,0.007919
2024-01-30,490.89,-0.000773
2024-01-31,482.88,-0.016317
2024-02-01,489.2,0.013088
2024-02-02,494.35,0.010527
2024-02-05,492.55,-0.003641
2024-02-06,493.98,0.002903
2024-02-07,498.1,0.00834
2024-02-08,498.32,0.000442
2024-02-09,501.2,0.005779
2024-02-12,500.98,-0.000439
2024-02-13,494.08,-0.013773
2024-02-14,498.57,0.009088
2024-02-15,502.01,0.0069
2024-02-16,499.51,-0.00498
2024-02-20,496.76,-0.005505
2024-02-21,497.21,0.000906
2024-02-22,507.5,0.020695
2024-02-23,507.85,0.00069
2024-02-26,505.99,-0.003663
2024-02-27,506.93,0.001858
2024-02-28,506.26,-0.001322
2024-02-29,508.08,0.003595
2024-03-01,512.85,0.009388
2024-03-04,512.3,-0.001072
2024-03-05,507.18,-0.009994
2024-03-06,509.75,0.005067
2024-03-07,514.81,0.009926
2024-03-08,511.72,-0.006002
2024-03-11,511.28,-0.00086
2024-03-12,516.78,0.010757
2024-03-13,515.97,-0.001568
2024-03-14,514.95,-0.001977
2024-03-15,509.83,-0.006845
2024-03-18,512.86,0.005943
2024-03-19,515.71,0.005557
2024-03-20,520.48,0.009249
2024-03-21,522.2,0.003305
2024-03-22,521.21,-0.001896
2024-03-25,519.77,-0.002763
2024-03-26,518.81,-0.001847
2024-03-27,523.17,0.008404
2024-03-28,523.07,-0.000191
2024-04-01,522.16,-0.00174
2024-04-02,518.84,-0.006358
2024-04-03,519.41,0.001099
2024-04-04,513.07,-0.012206
2024-04-05,518.43,0.010447
2024-04-08,518.72,0.000559
2024-04-09,519.32,0.001157
2024-04-10,514.12,-0.010013
2024-04-11,518,0.007547
2024-04-12,510.85,-0.013803
2024-04-15,504.45,-0.012528
2024-04-16,503.53,-0.001824
2024-04-17,500.55,-0.005918
2024-04-18,499.52,-0.002058
2024-04-19,495.16,-0.008728
2024-04-22,499.72,0.009209
2024-04-23,505.65,0.011867
2024-04-24,505.41,-0.000475
2024-04-25,503.49,-0.003799
2024-04-26,508.26,0.009474
2024-04-29,510.06,0.003541
2024-04-30,501.98,-0.015841
2024-05-01,500.35,-0.003247
2024-05-02,505.03,0.009353
2024-05-03,511.29,0.012395
2024-05-06,516.57,0.010327
2024-05-07,517.14,0.001103
2024-05-08,517.19,9.7e-05
2024-05-09,520.17,0.005762
2024-05-10,520.84,0.001288
2024-05-13,520.91,0.000134
2024-05-14,523.3,0.004588
2024-05-15,529.78,0.012383
2024-05-16,528.69,-0.002058
2024-05-17,529.45,0.001438
2024-05-20,530.06,0.001152
2024-05-21,531.36,0.002453
2024-05-22,529.83,-0.002879
2024-05-23,525.96,-0.007304
2024-05-24,529.44,0.006616
2024-05-28,529.81,0.000699
2024-05-29,526.1,-0.007003
2024-05-30,522.61,-0.006634
2024-05-31,527.37,0.009108
2024-06-03,527.8,0.000815
2024-06-04,528.39,0.001118
2024-06-05,534.67,0.011885
2024-06-06,534.66,-1.9e-05
2024-06-07,534.01,-0.001216
2024-06-10,535.66,0.00309
2024-06-11,536.95,0.002408
2024-06-12,541.36,0.008213
2024-06-13,542.45,0.002013
2024-06-14,542.78,0.000608
2024-06-17,547.1,0.007959
2024-06-18,548.49,0.002541
2024-06-20,547,-0.002717
2024-06-21,544.51,-0.001336
2024-06-24,542.74,-0.003251
2024-06-25,544.83,0.003851
2024-06-26,545.51,0.001248
2024-06-27,546.37,0.001576
2024-06-28,544.22,-0.003935
2024-07-01,545.34,0.002058
2024-07-02,549.01,0.00673
2024-07-03,551.46,0.004463
2024-07-05,554.64,0.005766
2024-07-08,555.28,0.001154
2024-07-09,555.82,0.000972
2024-07-10,561.32,0.009895
2024-07-11,556.48,-0.008623
2024-07-12,559.99,0.006308
2024-07-15,561.53,0.00275
2024-07-16,564.86,0.00593
2024-07-17,556.94,-0.014021
2024-07-18,552.66,-0.007685
2024-07-19,548.99,-0.006641
2024-07-22,554.65,0.01031
2024-07-23,553.78,-0.001569
2024-07-24,541.23,-0.022663
2024-07-25,538.41,-0.00521
2024-07-26,544.44,0.0112
2024-07-29,544.76,0.000588
2024-07-30,542,-0.005066
2024-07-31,550.81,0.016255
2024-08-01,543.01,-0.014161
2024-08-02,532.9,-0.018618
2024-08-05,517.38,-0.029124
2024-08-06,522.15,0.00922
2024-08-07,518.66,-0.006684
2024-08-08,530.65,0.023117
2024-08-09,532.99,0.00441
2024-08-12,533.27,0.000525
2024-08-13,542.04,0.016446
2024-08-14,543.75,0.003155
2024-08-15,553.07,0.01714
2024-08-16,554.31,0.002242
2024-08-19,559.61,0.009561
2024-08-20,558.7,-0.001626
2024-08-21,560.62,0.003437
2024-08-22,556.22,-0.007848
2024-08-23,562.13,0.010625
2024-08-26,560.79,-0.002384
2024-08-27,561.56,0.001373
2024-08-28,558.3,-0.005805
2024-08-29,558.35,9e-05
2024-08-30,563.68,0.009546
2024-09-03,552.08,-0.020579
2024-09-04,550.95,-0.002047
2024-09-05,549.61,-0.002432
2024-09-06,540.36,-0.01683
2024-09-09,546.41,0.011196
2024-09-10,548.79,0.004356
2024-09-11,554.42,0.010259
2024-09-12,559.09,0.008423
2024-09-13,562.01,0.005223
2024-09-16,562.84,0.001477
2024-09-17,563.07,0.000409
2024-09-18,561.4,-0.002966
2024-09-19,570.98,0.017064
2024-09-20,568.25,-0.001724
2024-09-23,569.67,0.002499
2024-09-24,571.3,0.002861
2024-09-25,570.04,-0.002206
2024-09-26,572.3,0.003965
2024-09-27,571.47,-0.00145
2024-09-30,573.76,0.004007
2024-10-01,568.62,-0.008958
2024-10-02,568.86,0.000422
2024-10-03,567.82,-0.001828
2024-10-04,572.98,0.009087
2024-10-07,567.8,-0.00904
2024-10-08,573.17,0.009458
2024-10-09,577.14,0.006926
2024-10-10,576.13,-0.00175
2024-10-11,579.58,0.005988
2024-10-14,584.32,0.008178
2024-10-15,579.78,-0.00777
2024-10-16,582.3,0.004346
2024-10-17,582.35,8.6e-05
2024-10-18,584.59,0.003847
2024-10-21,583.63,-0.001642
2024-10-22,583.32,-0.000531
2024-10-23,577.99,-0.009137
2024-10-24,579.24,0.002163
2024-10-25,579.04,-0.000345
2024-10-28,580.83,0.003091
2024-10-29,581.77,0.001618
2024-10-30,580.01,-0.003025
2024-10-31,568.64,-0.019603
2024-11-01,571.04,0.004221
2024-11-04,569.81,-0.002154
2024-11-05,576.7,0.012092
2024-11-06,591.04,0.024866
2024-11-07,595.61,0.007732
2024-11-08,598.19,0.004332
2024-11-11,598.76,0.000953
2024-11-12,596.9,-0.003106
2024-11-13,597.19,0.000486
2024-11-14,593.35,-0.00643
2024-11-15,585.75,-0.012809
2024-11-18,588.15,0.004097
2024-11-19,590.3,0.003655
2024-11-20,590.5,0.000339
2024-11-21,593.67,0.005368
2024-11-22,595.51,0.003099
2024-11-25,597.53,0.003392
2024-11-26,600.65,0.005221
2024-11-27,598.83,-0.00303
2024-11-29,602.55,0.006212
2024-12-02,603.63,0.001792
2024-12-03,603.91,0.000464
2024-12-04,607.66,0.00621
2024-12-05,606.66,-0.001646
2024-12-06,607.81,0.001896
2024-12-09,604.68,-0.00515
2024-12-10,602.8,-0.003109
2024-12-11,607.46,0.007731
2024-12-12,604.33,-0.005153
2024-12-13,604.21,-0.000199
2024-12-16,606.79,0.00427
2024-12-17,604.29,-0.00412
2024-12-18,586.28,-0.029803
2024-12-19,586.1,-0.000307
2024-12-20,591.15,0.01197
2024-12-23,594.69,0.005988
2024-12-24,601.3,0.011115
2024-12-26,601.34,6.7e-05
2024-12-27,595.01,-0.010527
2024-12-30,588.22,-0.011412
2024-12-31,586.08,-0.003638
2025-01-02,584.64,-0.002457
2025-01-03,591.95,0.012503
2025-01-06,595.36,0.005761
2025-01-07,588.63,-0.011304
2025-01-08,589.49,0.001461
2025-01-10,580.49,-0.015267
2025-01-13,581.39,0.00155
2025-01-14,582.19,0.001376
2025-01-15,592.78,0.01819
2025-01-16,591.64,-0.001923
2025-01-17,597.58,0.01004
2025-01-21,603.05,0.009154
2025-01-22,606.44,0.005621
2025-01-23,609.75,0.005458
2025-01-24,607.97,-0.002919
2025-01-27,599.37,-0.014145
2025-01-28,604.52,0.008592
2025-01-29,601.81,-0.004483
2025-01-30,605.04,0.005367
2025-01-31,601.82,-0.005322
2025-02-03,597.77,-0.00673
2025-02-04,601.78,0.006708
2025-02-05,604.22,0.004055
2025-02-06,606.32,0.003476
2025-02-07,600.77,-0.009154
2025-02-10,604.85,0.006791
2025-02-11,605.31,0.000761
2025-02-12,603.36,-0.003222
2025-02-13,609.73,0.010558
2025-02-14,609.7,-4.9e-05
2025-02-18,611.49,0.002936
2025-02-19,612.93,0.002355
2025-02-20,610.38,-0.00416
2025-02-21,599.94,-0.017104
2025-02-24,597.21,-0.00455
2025-02-25,594.24,-0.004973
2025-02-26,594.54,0.000505
2025-02-27,585.05,-0.015962
2025-02-28,594.18,0.015606
2025-03-03,583.77,-0.01752
2025-03-04,576.86,-0.011837
2025-03-05,583.06,0.010748
2025-03-06,572.71,-0.017751
2025-03-07,575.92,0.005605
2025-03-10,560.58,-0.026636
2025-03-11,555.92,-0.008313
2025-03-12,558.87,0.005307
2025-03-13,551.42,-0.01333
2025-03-14,562.81,0.020656
2025-03-17,567.15,0.007711
2025-03-18,561.02,-0.010808
2025-03-19,567.13,0.010891
2025-03-20,565.49,-0.002892
2025-03-21,563.98,0.000328
2025-03-24,574.08,0.017909
2025-03-25,575.46,0.002404
2025-03-26,568.59,-0.011938
2025-03-27,567.08,-0.002656
2025-03-28,555.66,-0.020138
2025-03-31,559.39,0.006713
2025-04-01,560.97,0.002824
2025-04-02,564.52,0.006328
2025-04-03,536.7,-0.049281
2025-04-04,505.28,-0.058543
2025-04-07,504.38,-0.001781
2025-04-08,496.48,-0.015663
2025-04-09,548.62,0.105019
2025-04-10,524.58,-0.043819
2025-04-11,533.94,0.017843
2025-04-14,539.12,0.009701
2025-04-15,537.61,-0.002801
2025-04-16,525.66,-0.022228
2025-04-17,526.41,0.001427
2025-04-21,513.88,-0.023803
2025-04-22,527.25,0.026018
2025-04-23,535.42,0.015495
2025-04-24,546.69,0.021049
2025-04-25,550.64,0.007225
2025-04-28,550.85,0.000381
2025-04-29,554.32,0.006299
2025-04-30,554.54,0.000397
2025-05-01,558.47,0.007087
2025-05-02,566.76,0.014844
2025-05-05,563.51,-0.005734
2025-05-06,558.8,-0.008358
2025-05-07,561.15,0.004206
2025-05-08,565.06,0.006968
2025-05-09,564.34,-0.001274
2025-05-12,582.99,0.033047
2025-05-13,586.84,0.006604
2025-05-14,587.59,0.001278
2025-05-15,590.46,0.004884
2025-05-16,594.2,0.006334
2025-05-19,594.85,0.001094
2025-05-20,592.85,-0.003362
2025-05-21,582.86,-0.016851
2025-05-22,583.09,0.000395
2025-05-23,579.11,-0.006826
2025-05-27,591.15,0.020791
2025-05-28,587.73,-0.005785
2025-05-29,590.05,0.003947
2025-05-30,589.39,-0.001119
2025-06-02,592.71,0.005633
2025-06-03,596.09,0.005703
2025-06-04,595.93,-0.000268
2025-06-05,593.05,-0.004833
2025-06-06,599.14,0.010269
2025-06-09,599.68,0.000901
2025-06-10,603.08,0.00567
2025-06-11,601.36,-0.002852
2025-06-12,603.75,0.003974
2025-06-13,597,-0.01118
2025-06-16,602.68,0.009514
2025-06-17,597.53,-0.008545
2025-06-18,597.44,-0.000151
2025-06-20,594.28,-0.005289
2025-06-23,600.15,0.009877
2025-06-24,606.78,0.011047
2025-06-25,607.12,0.00056
2025-06-26,611.87,0.007824
2025-06-27,614.91,0.004968
2025-06-30,617.85,0.004781
2025-07-01,617.65,-0.000324
2025-07-02,620.45,0.004533
2025-07-03,625.34,0.007881
2025-07-07,620.68,-0.007452
2025-07-08,620.34,-0.000548
2025-07-09,624.06,0.005997
2025-07-10,625.82,0.00282
2025-07-11,623.62,-0.003515
2025-07-14,624.81,0.001908
2025-07-15,622.14,-0.004273
2025-07-16,624.22,0.003343
2025-07-17,628.04,0.00612
2025-07-18,627.58,-0.000732
2025-07-21,628.77,0.001896
2025-07-22,628.86,0.000143
2025-07-23,634.21,0.008508
2025-07-24,634.42,0.000331
2025-07-25,637.1,0.004224
2025-07-28,636.94,-0.000251
2025-07-29,635.26,-0.002638
2025-07-30,634.46,-0.001259
2025-07-31,632.08,-0.003751
2025-08-01,621.72,-0.01639
2025-08-04,631.17,0.0152
2025-08-05,627.97,-0.00507
2025-08-06,632.78,0.00766
2025-08-07,632.25,-0.000838
2025-08-08,637.18,0.007798
2025-08-11,635.92,-0.001977
2025-08-12,642.69,0.010646
2025-08-13,644.89,0.003423
2025-08-14,644.95,9.3e-05
2025-08-15,643.44,-0.002341
2025-08-18,643.3,-0.000218
2025-08-19,639.81,-0.005425
2025-08-20,638.11,-0.002657
2025-08-21,635.55,-0.004012
2025-08-22,645.31,0.015357
2025-08-25,642.47,-0.004401
2025-08-26,645.16,0.004187
2025-08-27,646.63,0.002279
2025-08-28,648.92,0.003541
2025-08-29,645.05,-0.005964
