horizon,model,qlike_mean,qlike_median,mse,collapsed,dm_vs_har,p_vs_har,n_obs,mcs_pvalue,in_mcs,qlike_delta_vs_har,block
1,har,0.2094735510394348,0.08362446341693242,0.002225411199011279,0,,,720,0.009,False,0.0,baseline
1,har_x__atm_ivar_30,0.19530049195903013,0.07971493995572587,0.002018717216608852,0,-3.2498745031157297,0.0011545594670712145,720,1.0,True,-0.01417305908040467,option
1,har_x__atm_iv_30,0.20437009133434927,0.06675133338786055,0.0019378737733201023,0,-0.7213552485060832,0.4706909728692348,720,0.3655,True,-0.005103459705085522,option
1,har_x__skew_25d_30,0.22061396957185156,0.07888955223982863,0.002196275206107721,0,3.371555955996445,0.0007474485317293666,720,0.0025,False,0.011140418532416763,option
1,har_x__term_slope_30_91,0.19878646040856573,0.09054704018000459,0.0021166458823758958,0,-1.8357005653288694,0.06640195430983953,720,0.543,True,-0.010687090630869062,option
1,har_x__vix_vol,0.20951038325678853,0.06676964228724624,0.0019426575249783227,0,0.004748273101654718,0.996211440437925,720,0.1595,True,3.6832217353732766e-05,option
1,har_x__spy_put_call,0.21534992568317154,0.08616444481901964,0.002216767828339156,0,3.4617806093588626,0.0005366143923286604,720,0.0035,False,0.005876374643736748,option
1,har_x__gdelt_tone_mkt,0.23721866275503223,0.08014113034005843,0.002198719483452424,0,4.513795257361768,6.367769380899446e-06,720,0.0,False,0.02774511171559743,news
1,har_x__gdelt_share_mkt,0.2112572773870544,0.08418874070502047,0.002242223382375183,0,1.3561851284498991,0.1750402725305722,720,0.009,False,0.001783726347619613,news
1,har_x__gdelt_tone_econ,0.22155049267934446,0.08096244648159867,0.0022074738268428955,0,3.995398735270931,6.458545932797044e-05,720,0.0,False,0.01207694163990966,news
1,har_x__gdelt_share_econ,0.21025852488830887,0.0842697912213658,0.0022234863723687966,0,2.1726865213998634,0.02980391891622225,720,0.0065,False,0.0007849738488740765,news
1,har_x__wiki_attention,0.21066337388712764,0.08379161321821527,0.002195848996051899,0,0.49336644733509194,0.6217536855999144,720,0.009,False,0.0011898228476928396,attention
1,har_x__epu_log,0.20616618741820786,0.0859072501600665,0.002227881805451225,0,-1.5447010030815822,0.1224186021486533,720,0.0065,False,-0.0033073636212269386,uncertainty
1,har_x__emv_overall,0.20969299461146626,0.08430370125792896,0.002235541328387179,0,0.3853709667755267,0.6999625897919688,720,0.009,False,0.00021944357203146359,uncertainty
1,har_x__is_fomc,0.20900530838095696,0.08354064110317971,0.0022196239551143288,0,-0.6387973945671591,0.5229547434436377,720,0.009,False,-0.0004682426584778354,calendar
1,har_x__is_cpi,0.21012635855318493,0.08465018801326096,0.0022356688594071315,0,0.5705298242555747,0.5683183997926209,720,0.009,False,0.000652807513750131,calendar
1,har_x__is_payrolls,0.2075910867048622,0.08156659692341184,0.002240744013313886,0,-1.1311832122255032,0.25797798630909496,720,0.02,False,-0.0018824643345725922,calendar
5,har,0.2090336110339613,0.059478715524635795,0.002464549938138427,0,,,720,0.1695,True,0.0,baseline
5,har_x__atm_ivar_30,0.20329096444183353,0.0569010331282771,0.0022126662990460096,0,-0.6191828929875537,0.5357958802127831,720,1.0,True,-0.005742646592127754,option
5,har_x__atm_iv_30,0.20888594111896666,0.051548927484063256,0.002129247030376673,0,-0.013790434727388768,0.9889971737911067,720,0.972,True,-0.00014766991499462478,option
5,har_x__skew_25d_30,0.22299141862958152,0.05521883432588337,0.0024469953575059562,0,2.1559386920835584,0.03108845269103977,720,0.342,True,0.013957807595620236,option
5,har_x__term_slope_30_91,0.20383912437294602,0.07596322140810041,0.0023969214968610833,0,-0.5145285162716089,0.6068825284913366,720,0.9795,True,-0.0051944866610152685,option
5,har_x__vix_vol,0.20749567288133902,0.05337392628895732,0.002201108269354715,0,-0.18470387549773098,0.8534613062742333,720,0.972,True,-0.0015379381526222646,option
5,har_x__spy_put_call,0.2108766080702159,0.05889748868520128,0.0024539454926787462,0,1.4772138466486984,0.13961832325077594,720,0.5365,True,0.0018429970362546233,option
5,har_x__gdelt_tone_mkt,0.24179762121728834,0.0577294063746735,0.0024311778599975247,0,2.7299778948078086,0.006333857243496999,720,0.046,False,0.03276401018332706,news
5,har_x__gdelt_share_mkt,0.2105610641407922,0.06394608887783626,0.0024784815607506116,0,1.6386030405235472,0.10129595870502106,720,0.4595,True,0.0015274531068309172,news
5,har_x__gdelt_tone_econ,0.23245701816163852,0.05499923296306142,0.002428537763677271,0,2.414841963550324,0.015742038241566725,720,0.2535,True,0.023423407127677237,news
5,har_x__gdelt_share_econ,0.21327280680610747,0.05818620216397963,0.0024629026168869516,0,1.5756996006232469,0.11509504954609473,720,0.627,True,0.0042391957721461815,news
5,har_x__wiki_attention,0.20953955179118286,0.05967362081709571,0.0024678242083780878,0,0.4956361179040641,0.620151165547238,720,0.627,True,0.0005059407572215735,attention
5,har_x__epu_log,0.2068566987900699,0.060545406390817624,0.002474142941740346,0,-0.7928655624173793,0.42785615331376015,720,0.972,True,-0.0021769122438913824,uncertainty
5,har_x__emv_overall,0.21009595672294745,0.05993245641473799,0.0025012495531566595,0,0.6335934434795035,0.5263461808042296,720,0.627,True,0.001062345688986166,uncertainty
5,har_x__is_fomc,0.2073373774616225,0.061113078715982816,0.002451259386302533,0,-1.6098960609263744,0.10742054908537124,720,0.972,True,-0.001696233572338779,calendar
5,har_x__is_cpi,0.20866113696622007,0.060345259462124656,0.002457551727481751,0,-0.593052454698301,0.5531460481353119,720,0.864,True,-0.00037247406774121306,calendar
5,har_x__is_payrolls,0.20840193305148028,0.06032061492700724,0.0024665217100845868,0,-2.4577698857570196,0.013980272171971952,720,0.864,True,-0.0006316779824810104,calendar
21,har,0.2451792702562146,0.10230076220995954,0.002433405259053657,0,,,720,0.8775,True,0.0,baseline
21,har_x__atm_ivar_30,0.24848815210905925,0.10414389847741001,0.0023900895418385907,0,0.720864171679583,0.470993088437498,720,0.8775,True,0.0033088818528446418,option
21,har_x__atm_iv_30,0.2500952460331139,0.08583419870390463,0.002231821286399832,0,0.29674187762121546,0.7666635825417321,720,0.9945,True,0.004915975776899284,option
21,har_x__skew_25d_30,0.2549215401687697,0.08987005729936492,0.0024082434925698196,0,0.6513025215323621,0.5148512210061207,720,0.8775,True,0.009742269912555113,option
21,har_x__term_slope_30_91,0.25414783665811946,0.13303059744436285,0.002507291618570533,0,0.8787062070299736,0.37956059230563755,720,0.8775,True,0.008968566401904854,option
21,har_x__vix_vol,0.24928304502747217,0.08453444561258516,0.0022943768051278185,0,0.2573603652736144,0.7969005965219425,720,0.9945,True,0.004103774771257562,option
21,har_x__spy_put_call,0.25134085440467885,0.09896593878678073,0.0024370297276919595,0,0.993869828681683,0.3202862448144841,720,0.6395,True,0.006161584148464239,option
21,har_x__gdelt_tone_mkt,0.3135685160069381,0.05884987754594828,0.0024012976451401823,0,1.3323452201858543,0.18274677402711204,720,0.4525,True,0.06838924575072347,news
21,har_x__gdelt_share_mkt,0.25201752693297397,0.10962334798238227,0.0024803868259560507,0,1.6908107865455382,0.09087294639612176,720,0.289,True,0.006838256676759358,news
21,har_x__gdelt_tone_econ,0.2649064207397582,0.06656722287536077,0.002289975795864098,0,0.7533231532302925,0.4512557488729012,720,0.913,True,0.019727150483543565,news
21,har_x__gdelt_share_econ,0.255261903679322,0.08967899600515172,0.002427584909756713,0,0.8203208893019639,0.4120332010035801,720,0.8775,True,0.01008263342310739,news
21,har_x__wiki_attention,0.24469027002404534,0.10046049699854143,0.002433923701206778,0,-0.5925459746618573,0.5534850440628516,720,0.9945,True,-0.0004890002321692732,attention
21,har_x__epu_log,0.25888953476917675,0.10610976121909577,0.0025090049809674535,0,2.536893138851624,0.011184108750131871,720,0.0155,False,0.013710264512962145,uncertainty
21,har_x__emv_overall,0.24384674133903086,0.09343541196724536,0.002398312204084622,0,-0.3012667290051214,0.7632111094338201,720,1.0,True,-0.0013325289171837451,uncertainty
21,har_x__is_fomc,0.24536057416637677,0.10342850226783096,0.0024326073416967562,0,0.08964241402803129,0.9285713785441929,720,0.9945,True,0.00018130391016216163,calendar
21,har_x__is_cpi,0.24517050878253713,0.10267943641875099,0.002433325268659611,0,-0.0903811359103847,0.9279843466973812,720,0.772,True,-8.761473677482146e-06,calendar
21,har_x__is_payrolls,0.24483291186279482,0.10259327285371145,0.0024328972799948136,0,-1.2738354042206814,0.20272175501498224,720,0.9945,True,-0.0003463583934197878,calendar
