horizon,model,qlike_calm,qlike_stressed,n_calm,n_stressed,delta_calm_vs_har,delta_stressed_vs_har
1,persistence,0.271576063850903,0.3404920050540309,650,70,0.0796859409400211,-0.03225623575053832
1,har,0.1918901229108819,0.3727482408045692,650,70,0.0,0.0
1,shar,0.19323332810199395,0.3678088708420487,650,70,0.0013432051911120568,-0.004939369962520479
1,har_rv_iv,0.17940882858378804,0.34286593758627804,650,70,-0.012481294327093856,-0.029882303218291162
1,har_x_lasso,0.17321462684945496,0.2852924097799898,650,70,-0.018675496061426933,-0.08745583102457938
1,hgb,0.1834097438448601,0.2975980930631793,650,70,-0.008480379066021781,-0.0751501477413899
1,lstm,0.19720968169482245,0.520143055023562,650,70,0.005319558783940553,0.14739481421899275
1,lstm_x,0.18020038440507943,0.2529138558403742,650,70,-0.01168973850580246,-0.11983438496419502
1,combination,0.1726781348095555,0.3208737906910982,650,70,-0.019211988101326405,-0.05187445011347097
5,persistence,0.32256119404730527,0.6351408780560645,650,70,0.16442782149623084,-0.046537804604702804
5,har,0.15813337255107443,0.6816786826607673,650,70,0.0,0.0
5,shar,0.15883326110292825,0.6842921998141642,650,70,0.0006998885518538223,0.0026135171533969714
5,har_rv_iv,0.15010169580085925,0.6971913161080233,650,70,-0.008031676750215183,0.015512633447256063
5,har_x_lasso,0.13967081237688045,0.6222859409858177,650,70,-0.01846256017419398,-0.05939274167494957
5,hgb,0.1449265188165232,0.5537446466088287,650,70,-0.013206853734551244,-0.12793403605193854
5,lstm,0.17054894672315005,0.9153864708468811,650,70,0.012415574172075616,0.23370778818611382
5,lstm_x,0.17984803792468085,0.8951075112942128,650,70,0.021714665373606418,0.2134288286334456
5,combination,0.14328337404634012,0.6727288357156851,650,70,-0.014849998504734313,-0.008949846945082163
21,persistence,0.5941793910956301,0.4591646262412377,650,70,0.3619573519956306,0.09366820953445426
21,har,0.23222203909999953,0.36549641670678346,650,70,0.0,0.0
21,shar,0.2322725974314915,0.3663358153157774,650,70,5.055833149197886e-05,0.0008393986089939576
21,har_rv_iv,0.235691185229696,0.36731713027457497,650,70,0.003469146129696482,0.0018207135677915098
21,har_x_lasso,0.23925198579060533,0.38028430934748464,650,70,0.007029946690605804,0.014787892640701183
21,hgb,0.21521328807524534,0.3444713078588804,650,70,-0.017008751024754187,-0.02102510884790304
21,lstm,0.23472791517579228,0.5366566997430234,650,70,0.002505876075792751,0.17116028303623998
21,lstm_x,0.28815712243032887,0.5555849798029341,650,70,0.055935083330329344,0.19008856309615063
21,combination,0.21809425989390005,0.3733293819462456,650,70,-0.014127779206099478,0.007832965239462142
