family,horizon,model,qlike_delta,p_raw,holm_p,joint_holm_p
har,1,har_x__atm_ivar_30,-0.0141730590804046,0.0011545594670712,0.0508006165511328,0.1016012331022656
har,1,har_x__atm_iv_30,-0.0051034597050855,0.4706909728692348,1.0,1.0
har,1,har_x__skew_25d_30,0.0111404185324167,0.0007474485317293,0.0336351839278185,0.06652291932390769
har,1,har_x__term_slope_30_91,-0.010687090630869,0.0664019543098395,1.0,1.0
har,1,har_x__vix_vol,3.6832217353732766e-05,0.996211440437925,1.0,1.0
har,1,har_x__spy_put_call,0.0058763746437367,0.0005366143923286,0.024684262047115598,0.048295295309574
har,1,har_x__gdelt_tone_mkt,0.0277451117155974,6.367769380899446e-06,0.0003056529302831734,0.0005922025524236485
har,1,har_x__gdelt_share_mkt,0.0017837263476196,0.1750402725305722,1.0,1.0
har,1,har_x__gdelt_tone_econ,0.0120769416399096,6.458545932797044e-05,0.0030355165884146107,0.0059418622581732805
har,1,har_x__gdelt_share_econ,0.000784973848874,0.0298039189162222,1.0,1.0
har,1,har_x__wiki_attention,0.0011898228476928,0.6217536855999144,1.0,1.0
har,1,har_x__epu_log,-0.0033073636212269,0.1224186021486533,1.0,1.0
har,1,har_x__emv_overall,0.0002194435720314,0.6999625897919688,1.0,1.0
har,1,har_x__is_fomc,-0.0004682426584778,0.5229547434436377,1.0,1.0
har,1,har_x__is_cpi,0.0006528075137501,0.5683183997926209,1.0,1.0
har,1,har_x__is_payrolls,-0.0018824643345725,0.2579779863090949,1.0,1.0
har,5,har_x__atm_ivar_30,-0.0057426465921277,0.5357958802127831,1.0,1.0
har,5,har_x__atm_iv_30,-0.0001476699149946,0.9889971737911069,1.0,1.0
har,5,har_x__skew_25d_30,0.0139578075956202,0.0310884526910397,1.0,1.0
har,5,har_x__term_slope_30_91,-0.0051944866610152,0.6068825284913366,1.0,1.0
har,5,har_x__vix_vol,-0.0015379381526222,0.8534613062742333,1.0,1.0
har,5,har_x__spy_put_call,0.0018429970362546,0.1396183232507759,1.0,1.0
har,5,har_x__gdelt_tone_mkt,0.032764010183327,0.0063338572434969,0.27235586147036667,0.5320440084537396
har,5,har_x__gdelt_share_mkt,0.0015274531068309,0.101295958705021,1.0,1.0
har,5,har_x__gdelt_tone_econ,0.0234234071276772,0.0157420382415667,0.629681529662668,1.0
har,5,har_x__gdelt_share_econ,0.0042391957721461,0.1150950495460947,1.0,1.0
har,5,har_x__wiki_attention,0.0005059407572215,0.620151165547238,1.0,1.0
har,5,har_x__epu_log,-0.0021769122438913,0.4278561533137601,1.0,1.0
har,5,har_x__emv_overall,0.0010623456889861,0.5263461808042296,1.0,1.0
har,5,har_x__is_fomc,-0.0016962335723387,0.1074205490853712,1.0,1.0
har,5,har_x__is_cpi,-0.0003724740677412,0.5531460481353119,1.0,1.0
har,5,har_x__is_payrolls,-0.000631677982481,0.0139802721719719,0.5731911590508479,1.0
har,21,har_x__atm_ivar_30,0.0033088818528446,0.470993088437498,1.0,1.0
har,21,har_x__atm_iv_30,0.0049159757768992,0.7666635825417321,1.0,1.0
har,21,har_x__skew_25d_30,0.0097422699125551,0.5148512210061207,1.0,1.0
har,21,har_x__term_slope_30_91,0.0089685664019048,0.3795605923056375,1.0,1.0
har,21,har_x__vix_vol,0.0041037747712575,0.7969005965219425,1.0,1.0
har,21,har_x__spy_put_call,0.0061615841484642,0.3202862448144841,1.0,1.0
har,21,har_x__gdelt_tone_mkt,0.0683892457507234,0.182746774027112,1.0,1.0
har,21,har_x__gdelt_share_mkt,0.0068382566767593,0.0908729463961217,1.0,1.0
har,21,har_x__gdelt_tone_econ,0.0197271504835435,0.4512557488729012,1.0,1.0
har,21,har_x__gdelt_share_econ,0.0100826334231073,0.4120332010035801,1.0,1.0
har,21,har_x__wiki_attention,-0.0004890002321692,0.5534850440628516,1.0,1.0
har,21,har_x__epu_log,0.0137102645129621,0.0111841087501318,0.4697325675055356,0.9282810262609394
har,21,har_x__emv_overall,-0.0013325289171837,0.7632111094338201,1.0,1.0
har,21,har_x__is_fomc,0.0001813039101621,0.9285713785441928,1.0,1.0
har,21,har_x__is_cpi,-8.761473677482146e-06,0.9279843466973812,1.0,1.0
har,21,har_x__is_payrolls,-0.0003463583934197,0.2027217550149822,1.0,1.0
base,1,rich_x__atm_iv_30,0.0050686736529343,0.2983309957603217,1.0,1.0
base,1,rich_x__skew_25d_30,-5.552840613906595e-05,0.7979251956751976,1.0,1.0
base,1,rich_x__term_slope_30_91,-0.0042565232341891,0.2420252964567386,1.0,1.0
base,1,rich_x__vix_vol,0.0044388253029045,0.3196206977797553,1.0,1.0
base,1,rich_x__spy_put_call,0.0045092753805952,0.0016432890122577,0.0723047165393388,0.14296614406641991
base,1,rich_x__gdelt_tone_mkt,0.0172554079732458,0.0002520950945021,0.011344279252594501,0.0229406535996911
base,1,rich_x__gdelt_share_mkt,0.0031574806609279,0.0347709423045461,1.0,1.0
base,1,rich_x__gdelt_tone_econ,0.0045691106887442,0.0054697180553413,0.2297281583243346,0.4649260347040105
base,1,rich_x__gdelt_share_econ,-0.0008770786328427,0.1882941148521368,1.0,1.0
base,1,rich_x__wiki_attention,0.0008719404664906,0.7713734017021627,1.0,1.0
base,1,rich_x__epu_log,0.0011218805678324,0.071044791961095,1.0,1.0
base,1,rich_x__emv_overall,-0.0001442971612206,0.9077831429628572,1.0,1.0
base,1,rich_x__is_fomc,-0.0002008180768151,0.7811450459250662,1.0,1.0
base,1,rich_x__is_cpi,0.0006514016957616,0.5732277720335759,1.0,1.0
base,1,rich_x__is_payrolls,-0.0007921118482293,0.4719857459220065,1.0,1.0
base,5,rich_x__atm_iv_30,0.0018836684678627,0.800771966686,1.0,1.0
base,5,rich_x__skew_25d_30,0.0029891600522961,0.1135583306280247,1.0,1.0
base,5,rich_x__term_slope_30_91,-0.0019873736033435,0.797700486360571,1.0,1.0
base,5,rich_x__vix_vol,-0.0008516393786216,0.8844304222207142,1.0,1.0
base,5,rich_x__spy_put_call,0.0012733882920991,0.2266224792345776,1.0,1.0
base,5,rich_x__gdelt_tone_mkt,0.0237150762543885,0.0305999152387363,1.0,1.0
base,5,rich_x__gdelt_share_mkt,0.0017046508630525,0.124778786583106,1.0,1.0
base,5,rich_x__gdelt_tone_econ,0.0109158573523393,0.0638783653742882,1.0,1.0
base,5,rich_x__gdelt_share_econ,0.0016753521033112,0.0880035472765621,1.0,1.0
base,5,rich_x__wiki_attention,0.0003465619307785,0.7999311432616636,1.0,1.0
base,5,rich_x__epu_log,0.0029478935852075,0.0030589536221776,0.1315350057536368,0.2630700115072736
base,5,rich_x__emv_overall,0.0021048937846576,0.1111955224691085,1.0,1.0
base,5,rich_x__is_fomc,-0.001199444971909,0.2046467343135996,1.0,1.0
base,5,rich_x__is_cpi,-0.000402691894443,0.2200178456890595,1.0,1.0
base,5,rich_x__is_payrolls,5.294956103046866e-05,0.7359193243311497,1.0,1.0
base,21,rich_x__atm_iv_30,0.0013407855288976,0.9163464998204868,1.0,1.0
base,21,rich_x__skew_25d_30,0.0087992406333513,0.4483747346473072,1.0,1.0
base,21,rich_x__term_slope_30_91,0.0103327114520058,0.3036504903338022,1.0,1.0
base,21,rich_x__vix_vol,0.0006524840367788,0.9575218201514082,1.0,1.0
base,21,rich_x__spy_put_call,0.0062285931274655,0.3111361002075874,1.0,1.0
base,21,rich_x__gdelt_tone_mkt,0.067193567775993,0.1870091806865697,1.0,1.0
base,21,rich_x__gdelt_share_mkt,0.0069518981567921,0.1043535330406419,1.0,1.0
base,21,rich_x__gdelt_tone_econ,0.0178558994485915,0.4698779406475442,1.0,1.0
base,21,rich_x__gdelt_share_econ,0.0092508060377676,0.3925414270825356,1.0,1.0
base,21,rich_x__wiki_attention,-0.0007529290345064,0.4004487545228921,1.0,1.0
base,21,rich_x__epu_log,0.0169993359772058,0.0284559937128248,1.0,1.0
base,21,rich_x__emv_overall,-0.0003052091562082,0.9476110587333056,1.0,1.0
base,21,rich_x__is_fomc,0.0001819802858518,0.9247151769580222,1.0,1.0
base,21,rich_x__is_cpi,6.642432364978301e-06,0.916116829902053,1.0,1.0
base,21,rich_x__is_payrolls,-0.0003110139933379,0.2318870571110616,1.0,1.0
